x1,; x2,; x3,; x4,; x5,; x6,; x7,; x8,; x9,; x10,; x11,; x12,; x13,; x14,; x15,; x16,; x17,; x18,; x19,; x20,; x21,; x22,; x23,; x24,; x25,; x26,; x27,; x28,; x29,; x30,; x31,; x32,; x33,; x34,; x35,; x36,; x37,; x38,; x39,; x40,; x41,; x42,; x43,; x44,; x45,; x46,; x47,; x48,; x49,; x50,; x51,; x52,; x53,; x54,; x55,; x56,; x57,; x58,; x59,; x60,; x61,; x62,; x63,; x64,; x65,; x66,; x67,; x68,; x69,; x70,; x71,; x72,; x73,; x74,; x75,; x76,; x77,; x78,; x79,; x80,; x81,; x82,; x83,; x84,; x85,; x86,; x87,; x88,; x89,; x90,; x91,; x92,; x93,; x94,; x95,; x96,; x97,; x98,; x99,; x100,; x101,; x102,; x103,; x104,; x105,; x106,; x107,; x108,; x109,; x110,; x111,; x112,; x113,; x114,; x115,; x116,; x117,; x118,; x119,; x120,; y,; 
1,08554;1,08561;1,08562;1,08545;1,08545;1,08563;1,08579;1,08565;1,08566;1,08538;1,08516;1,08519;1,08496;1,08512;1,08517;1,08463;1,08431;1,08476;1,08493;1,08481;1,08436;1,08415;1,0845;1,08398;1,08443;1,08413;1,08425;1,08451;1,08423;1,08438;1,08454;1,08462;1,08508;1,08484;1,08491;1,08497;1,0847;1,0848;1,08467;1,08463;1,08471;1,08489;1,08488;1,08479;1,08486;1,08487;1,08506;1,0851;1,08518;1,08491;1,085;1,08498;1,08497;1,08508;1,08504;1,08515;1,08513;1,08514;1,08515;1,08512;1,08504;1,08467;1,08436;1,08453;1,08463;1,08486;1,08475;1,08488;1,08505;1,08525;1,08523;1,08548;1,08533;1,08519;1,08487;1,08471;1,08497;1,08477;1,08468;1,08468;1,08475;1,08447;1,08446;1,08417;1,08401;1,08395;1,08377;1,08399;1,08373;1,08384;1,08419;1,08408;1,08434;1,0843;1,08443;1,08425;1,08434;1,08435;1,08433;1,08448;1,08417;1,08399;1,08398;1,08398;1,08368;1,08405;1,08398;1,08367;1,08374;1,08404;1,08402;1,08394;1,08384;1,08391;1,08402;1,08401;1,08388;1,08366;1,08388;1,08379;1,08433; 
 1,08561;1,08562;1,08545;1,08545;1,08563;1,08579;1,08565;1,08566;1,08538;1,08516;1,08519;1,08496;1,08512;1,08517;1,08463;1,08431;1,08476;1,08493;1,08481;1,08436;1,08415;1,0845;1,08398;1,08443;1,08413;1,08425;1,08451;1,08423;1,08438;1,08454;1,08462;1,08508;1,08484;1,08491;1,08497;1,0847;1,0848;1,08467;1,08463;1,08471;1,08489;1,08488;1,08479;1,08486;1,08487;1,08506;1,0851;1,08518;1,08491;1,085;1,08498;1,08497;1,08508;1,08504;1,08515;1,08513;1,08514;1,08515;1,08512;1,08504;1,08467;1,08436;1,08453;1,08463;1,08486;1,08475;1,08488;1,08505;1,08525;1,08523;1,08548;1,08533;1,08519;1,08487;1,08471;1,08497;1,08477;1,08468;1,08468;1,08475;1,08447;1,08446;1,08417;1,08401;1,08395;1,08377;1,08399;1,08373;1,08384;1,08419;1,08408;1,08434;1,0843;1,08443;1,08425;1,08434;1,08435;1,08433;1,08448;1,08417;1,08399;1,08398;1,08398;1,08368;1,08405;1,08398;1,08367;1,08374;1,08404;1,08402;1,08394;1,08384;1,08391;1,08402;1,08401;1,08388;1,08366;1,08388;1,08379;1,08372;1,08452; 
 1,08562;1,08545;1,08545;1,08563;1,08579;1,08565;1,08566;1,08538;1,08516;1,08519;1,08496;1,08512;1,08517;1,08463;1,08431;1,08476;1,08493;1,08481;1,08436;1,08415;1,0845;1,08398;1,08443;1,08413;1,08425;1,08451;1,08423;1,08438;1,08454;1,08462;1,08508;1,08484;1,08491;1,08497;1,0847;1,0848;1,08467;1,08463;1,08471;1,08489;1,08488;1,08479;1,08486;1,08487;1,08506;1,0851;1,08518;1,08491;1,085;1,08498;1,08497;1,08508;1,08504;1,08515;1,08513;1,08514;1,08515;1,08512;1,08504;1,08467;1,08436;1,08453;1,08463;1,08486;1,08475;1,08488;1,08505;1,08525;1,08523;1,08548;1,08533;1,08519;1,08487;1,08471;1,08497;1,08477;1,08468;1,08468;1,08475;1,08447;1,08446;1,08417;1,08401;1,08395;1,08377;1,08399;1,08373;1,08384;1,08419;1,08408;1,08434;1,0843;1,08443;1,08425;1,08434;1,08435;1,08433;1,08448;1,08417;1,08399;1,08398;1,08398;1,08368;1,08405;1,08398;1,08367;1,08374;1,08404;1,08402;1,08394;1,08384;1,08391;1,08402;1,08401;1,08388;1,08366;1,08388;1,08379;1,08372;1,08367;1,08429; 
 1,08545;1,08545;1,08563;1,08579;1,08565;1,08566;1,08538;1,08516;1,08519;1,08496;1,08512;1,08517;1,08463;1,08431;1,08476;1,08493;1,08481;1,08436;1,08415;1,0845;1,08398;1,08443;1,08413;1,08425;1,08451;1,08423;1,08438;1,08454;1,08462;1,08508;1,08484;1,08491;1,08497;1,0847;1,0848;1,08467;1,08463;1,08471;1,08489;1,08488;1,08479;1,08486;1,08487;1,08506;1,0851;1,08518;1,08491;1,085;1,08498;1,08497;1,08508;1,08504;1,08515;1,08513;1,08514;1,08515;1,08512;1,08504;1,08467;1,08436;1,08453;1,08463;1,08486;1,08475;1,08488;1,08505;1,08525;1,08523;1,08548;1,08533;1,08519;1,08487;1,08471;1,08497;1,08477;1,08468;1,08468;1,08475;1,08447;1,08446;1,08417;1,08401;1,08395;1,08377;1,08399;1,08373;1,08384;1,08419;1,08408;1,08434;1,0843;1,08443;1,08425;1,08434;1,08435;1,08433;1,08448;1,08417;1,08399;1,08398;1,08398;1,08368;1,08405;1,08398;1,08367;1,08374;1,08404;1,08402;1,08394;1,08384;1,08391;1,08402;1,08401;1,08388;1,08366;1,08388;1,08379;1,08372;1,08367;1,08369;1,08427; 
 1,08545;1,08563;1,08579;1,08565;1,08566;1,08538;1,08516;1,08519;1,08496;1,08512;1,08517;1,08463;1,08431;1,08476;1,08493;1,08481;1,08436;1,08415;1,0845;1,08398;1,08443;1,08413;1,08425;1,08451;1,08423;1,08438;1,08454;1,08462;1,08508;1,08484;1,08491;1,08497;1,0847;1,0848;1,08467;1,08463;1,08471;1,08489;1,08488;1,08479;1,08486;1,08487;1,08506;1,0851;1,08518;1,08491;1,085;1,08498;1,08497;1,08508;1,08504;1,08515;1,08513;1,08514;1,08515;1,08512;1,08504;1,08467;1,08436;1,08453;1,08463;1,08486;1,08475;1,08488;1,08505;1,08525;1,08523;1,08548;1,08533;1,08519;1,08487;1,08471;1,08497;1,08477;1,08468;1,08468;1,08475;1,08447;1,08446;1,08417;1,08401;1,08395;1,08377;1,08399;1,08373;1,08384;1,08419;1,08408;1,08434;1,0843;1,08443;1,08425;1,08434;1,08435;1,08433;1,08448;1,08417;1,08399;1,08398;1,08398;1,08368;1,08405;1,08398;1,08367;1,08374;1,08404;1,08402;1,08394;1,08384;1,08391;1,08402;1,08401;1,08388;1,08366;1,08388;1,08379;1,08372;1,08367;1,08369;1,08346;1,08425; 
 1,08563;1,08579;1,08565;1,08566;1,08538;1,08516;1,08519;1,08496;1,08512;1,08517;1,08463;1,08431;1,08476;1,08493;1,08481;1,08436;1,08415;1,0845;1,08398;1,08443;1,08413;1,08425;1,08451;1,08423;1,08438;1,08454;1,08462;1,08508;1,08484;1,08491;1,08497;1,0847;1,0848;1,08467;1,08463;1,08471;1,08489;1,08488;1,08479;1,08486;1,08487;1,08506;1,0851;1,08518;1,08491;1,085;1,08498;1,08497;1,08508;1,08504;1,08515;1,08513;1,08514;1,08515;1,08512;1,08504;1,08467;1,08436;1,08453;1,08463;1,08486;1,08475;1,08488;1,08505;1,08525;1,08523;1,08548;1,08533;1,08519;1,08487;1,08471;1,08497;1,08477;1,08468;1,08468;1,08475;1,08447;1,08446;1,08417;1,08401;1,08395;1,08377;1,08399;1,08373;1,08384;1,08419;1,08408;1,08434;1,0843;1,08443;1,08425;1,08434;1,08435;1,08433;1,08448;1,08417;1,08399;1,08398;1,08398;1,08368;1,08405;1,08398;1,08367;1,08374;1,08404;1,08402;1,08394;1,08384;1,08391;1,08402;1,08401;1,08388;1,08366;1,08388;1,08379;1,08372;1,08367;1,08369;1,08346;1,08324;1,0843; 
 1,08579;1,08565;1,08566;1,08538;1,08516;1,08519;1,08496;1,08512;1,08517;1,08463;1,08431;1,08476;1,08493;1,08481;1,08436;1,08415;1,0845;1,08398;1,08443;1,08413;1,08425;1,08451;1,08423;1,08438;1,08454;1,08462;1,08508;1,08484;1,08491;1,08497;1,0847;1,0848;1,08467;1,08463;1,08471;1,08489;1,08488;1,08479;1,08486;1,08487;1,08506;1,0851;1,08518;1,08491;1,085;1,08498;1,08497;1,08508;1,08504;1,08515;1,08513;1,08514;1,08515;1,08512;1,08504;1,08467;1,08436;1,08453;1,08463;1,08486;1,08475;1,08488;1,08505;1,08525;1,08523;1,08548;1,08533;1,08519;1,08487;1,08471;1,08497;1,08477;1,08468;1,08468;1,08475;1,08447;1,08446;1,08417;1,08401;1,08395;1,08377;1,08399;1,08373;1,08384;1,08419;1,08408;1,08434;1,0843;1,08443;1,08425;1,08434;1,08435;1,08433;1,08448;1,08417;1,08399;1,08398;1,08398;1,08368;1,08405;1,08398;1,08367;1,08374;1,08404;1,08402;1,08394;1,08384;1,08391;1,08402;1,08401;1,08388;1,08366;1,08388;1,08379;1,08372;1,08367;1,08369;1,08346;1,08324;1,08301;1,08438; 
 1,08565;1,08566;1,08538;1,08516;1,08519;1,08496;1,08512;1,08517;1,08463;1,08431;1,08476;1,08493;1,08481;1,08436;1,08415;1,0845;1,08398;1,08443;1,08413;1,08425;1,08451;1,08423;1,08438;1,08454;1,08462;1,08508;1,08484;1,08491;1,08497;1,0847;1,0848;1,08467;1,08463;1,08471;1,08489;1,08488;1,08479;1,08486;1,08487;1,08506;1,0851;1,08518;1,08491;1,085;1,08498;1,08497;1,08508;1,08504;1,08515;1,08513;1,08514;1,08515;1,08512;1,08504;1,08467;1,08436;1,08453;1,08463;1,08486;1,08475;1,08488;1,08505;1,08525;1,08523;1,08548;1,08533;1,08519;1,08487;1,08471;1,08497;1,08477;1,08468;1,08468;1,08475;1,08447;1,08446;1,08417;1,08401;1,08395;1,08377;1,08399;1,08373;1,08384;1,08419;1,08408;1,08434;1,0843;1,08443;1,08425;1,08434;1,08435;1,08433;1,08448;1,08417;1,08399;1,08398;1,08398;1,08368;1,08405;1,08398;1,08367;1,08374;1,08404;1,08402;1,08394;1,08384;1,08391;1,08402;1,08401;1,08388;1,08366;1,08388;1,08379;1,08372;1,08367;1,08369;1,08346;1,08324;1,08301;1,08304;1,08438; 
 1,08566;1,08538;1,08516;1,08519;1,08496;1,08512;1,08517;1,08463;1,08431;1,08476;1,08493;1,08481;1,08436;1,08415;1,0845;1,08398;1,08443;1,08413;1,08425;1,08451;1,08423;1,08438;1,08454;1,08462;1,08508;1,08484;1,08491;1,08497;1,0847;1,0848;1,08467;1,08463;1,08471;1,08489;1,08488;1,08479;1,08486;1,08487;1,08506;1,0851;1,08518;1,08491;1,085;1,08498;1,08497;1,08508;1,08504;1,08515;1,08513;1,08514;1,08515;1,08512;1,08504;1,08467;1,08436;1,08453;1,08463;1,08486;1,08475;1,08488;1,08505;1,08525;1,08523;1,08548;1,08533;1,08519;1,08487;1,08471;1,08497;1,08477;1,08468;1,08468;1,08475;1,08447;1,08446;1,08417;1,08401;1,08395;1,08377;1,08399;1,08373;1,08384;1,08419;1,08408;1,08434;1,0843;1,08443;1,08425;1,08434;1,08435;1,08433;1,08448;1,08417;1,08399;1,08398;1,08398;1,08368;1,08405;1,08398;1,08367;1,08374;1,08404;1,08402;1,08394;1,08384;1,08391;1,08402;1,08401;1,08388;1,08366;1,08388;1,08379;1,08372;1,08367;1,08369;1,08346;1,08324;1,08301;1,08304;1,08307;1,08424; 
 1,08538;1,08516;1,08519;1,08496;1,08512;1,08517;1,08463;1,08431;1,08476;1,08493;1,08481;1,08436;1,08415;1,0845;1,08398;1,08443;1,08413;1,08425;1,08451;1,08423;1,08438;1,08454;1,08462;1,08508;1,08484;1,08491;1,08497;1,0847;1,0848;1,08467;1,08463;1,08471;1,08489;1,08488;1,08479;1,08486;1,08487;1,08506;1,0851;1,08518;1,08491;1,085;1,08498;1,08497;1,08508;1,08504;1,08515;1,08513;1,08514;1,08515;1,08512;1,08504;1,08467;1,08436;1,08453;1,08463;1,08486;1,08475;1,08488;1,08505;1,08525;1,08523;1,08548;1,08533;1,08519;1,08487;1,08471;1,08497;1,08477;1,08468;1,08468;1,08475;1,08447;1,08446;1,08417;1,08401;1,08395;1,08377;1,08399;1,08373;1,08384;1,08419;1,08408;1,08434;1,0843;1,08443;1,08425;1,08434;1,08435;1,08433;1,08448;1,08417;1,08399;1,08398;1,08398;1,08368;1,08405;1,08398;1,08367;1,08374;1,08404;1,08402;1,08394;1,08384;1,08391;1,08402;1,08401;1,08388;1,08366;1,08388;1,08379;1,08372;1,08367;1,08369;1,08346;1,08324;1,08301;1,08304;1,08307;1,08303;1,08423; 
 1,08516;1,08519;1,08496;1,08512;1,08517;1,08463;1,08431;1,08476;1,08493;1,08481;1,08436;1,08415;1,0845;1,08398;1,08443;1,08413;1,08425;1,08451;1,08423;1,08438;1,08454;1,08462;1,08508;1,08484;1,08491;1,08497;1,0847;1,0848;1,08467;1,08463;1,08471;1,08489;1,08488;1,08479;1,08486;1,08487;1,08506;1,0851;1,08518;1,08491;1,085;1,08498;1,08497;1,08508;1,08504;1,08515;1,08513;1,08514;1,08515;1,08512;1,08504;1,08467;1,08436;1,08453;1,08463;1,08486;1,08475;1,08488;1,08505;1,08525;1,08523;1,08548;1,08533;1,08519;1,08487;1,08471;1,08497;1,08477;1,08468;1,08468;1,08475;1,08447;1,08446;1,08417;1,08401;1,08395;1,08377;1,08399;1,08373;1,08384;1,08419;1,08408;1,08434;1,0843;1,08443;1,08425;1,08434;1,08435;1,08433;1,08448;1,08417;1,08399;1,08398;1,08398;1,08368;1,08405;1,08398;1,08367;1,08374;1,08404;1,08402;1,08394;1,08384;1,08391;1,08402;1,08401;1,08388;1,08366;1,08388;1,08379;1,08372;1,08367;1,08369;1,08346;1,08324;1,08301;1,08304;1,08307;1,08303;1,08297;1,08423; 
 1,08519;1,08496;1,08512;1,08517;1,08463;1,08431;1,08476;1,08493;1,08481;1,08436;1,08415;1,0845;1,08398;1,08443;1,08413;1,08425;1,08451;1,08423;1,08438;1,08454;1,08462;1,08508;1,08484;1,08491;1,08497;1,0847;1,0848;1,08467;1,08463;1,08471;1,08489;1,08488;1,08479;1,08486;1,08487;1,08506;1,0851;1,08518;1,08491;1,085;1,08498;1,08497;1,08508;1,08504;1,08515;1,08513;1,08514;1,08515;1,08512;1,08504;1,08467;1,08436;1,08453;1,08463;1,08486;1,08475;1,08488;1,08505;1,08525;1,08523;1,08548;1,08533;1,08519;1,08487;1,08471;1,08497;1,08477;1,08468;1,08468;1,08475;1,08447;1,08446;1,08417;1,08401;1,08395;1,08377;1,08399;1,08373;1,08384;1,08419;1,08408;1,08434;1,0843;1,08443;1,08425;1,08434;1,08435;1,08433;1,08448;1,08417;1,08399;1,08398;1,08398;1,08368;1,08405;1,08398;1,08367;1,08374;1,08404;1,08402;1,08394;1,08384;1,08391;1,08402;1,08401;1,08388;1,08366;1,08388;1,08379;1,08372;1,08367;1,08369;1,08346;1,08324;1,08301;1,08304;1,08307;1,08303;1,08297;1,08217;1,08438; 
 1,08496;1,08512;1,08517;1,08463;1,08431;1,08476;1,08493;1,08481;1,08436;1,08415;1,0845;1,08398;1,08443;1,08413;1,08425;1,08451;1,08423;1,08438;1,08454;1,08462;1,08508;1,08484;1,08491;1,08497;1,0847;1,0848;1,08467;1,08463;1,08471;1,08489;1,08488;1,08479;1,08486;1,08487;1,08506;1,0851;1,08518;1,08491;1,085;1,08498;1,08497;1,08508;1,08504;1,08515;1,08513;1,08514;1,08515;1,08512;1,08504;1,08467;1,08436;1,08453;1,08463;1,08486;1,08475;1,08488;1,08505;1,08525;1,08523;1,08548;1,08533;1,08519;1,08487;1,08471;1,08497;1,08477;1,08468;1,08468;1,08475;1,08447;1,08446;1,08417;1,08401;1,08395;1,08377;1,08399;1,08373;1,08384;1,08419;1,08408;1,08434;1,0843;1,08443;1,08425;1,08434;1,08435;1,08433;1,08448;1,08417;1,08399;1,08398;1,08398;1,08368;1,08405;1,08398;1,08367;1,08374;1,08404;1,08402;1,08394;1,08384;1,08391;1,08402;1,08401;1,08388;1,08366;1,08388;1,08379;1,08372;1,08367;1,08369;1,08346;1,08324;1,08301;1,08304;1,08307;1,08303;1,08297;1,08217;1,08226;1,08426; 
 1,08512;1,08517;1,08463;1,08431;1,08476;1,08493;1,08481;1,08436;1,08415;1,0845;1,08398;1,08443;1,08413;1,08425;1,08451;1,08423;1,08438;1,08454;1,08462;1,08508;1,08484;1,08491;1,08497;1,0847;1,0848;1,08467;1,08463;1,08471;1,08489;1,08488;1,08479;1,08486;1,08487;1,08506;1,0851;1,08518;1,08491;1,085;1,08498;1,08497;1,08508;1,08504;1,08515;1,08513;1,08514;1,08515;1,08512;1,08504;1,08467;1,08436;1,08453;1,08463;1,08486;1,08475;1,08488;1,08505;1,08525;1,08523;1,08548;1,08533;1,08519;1,08487;1,08471;1,08497;1,08477;1,08468;1,08468;1,08475;1,08447;1,08446;1,08417;1,08401;1,08395;1,08377;1,08399;1,08373;1,08384;1,08419;1,08408;1,08434;1,0843;1,08443;1,08425;1,08434;1,08435;1,08433;1,08448;1,08417;1,08399;1,08398;1,08398;1,08368;1,08405;1,08398;1,08367;1,08374;1,08404;1,08402;1,08394;1,08384;1,08391;1,08402;1,08401;1,08388;1,08366;1,08388;1,08379;1,08372;1,08367;1,08369;1,08346;1,08324;1,08301;1,08304;1,08307;1,08303;1,08297;1,08217;1,08226;1,08243;1,08423; 
 1,08517;1,08463;1,08431;1,08476;1,08493;1,08481;1,08436;1,08415;1,0845;1,08398;1,08443;1,08413;1,08425;1,08451;1,08423;1,08438;1,08454;1,08462;1,08508;1,08484;1,08491;1,08497;1,0847;1,0848;1,08467;1,08463;1,08471;1,08489;1,08488;1,08479;1,08486;1,08487;1,08506;1,0851;1,08518;1,08491;1,085;1,08498;1,08497;1,08508;1,08504;1,08515;1,08513;1,08514;1,08515;1,08512;1,08504;1,08467;1,08436;1,08453;1,08463;1,08486;1,08475;1,08488;1,08505;1,08525;1,08523;1,08548;1,08533;1,08519;1,08487;1,08471;1,08497;1,08477;1,08468;1,08468;1,08475;1,08447;1,08446;1,08417;1,08401;1,08395;1,08377;1,08399;1,08373;1,08384;1,08419;1,08408;1,08434;1,0843;1,08443;1,08425;1,08434;1,08435;1,08433;1,08448;1,08417;1,08399;1,08398;1,08398;1,08368;1,08405;1,08398;1,08367;1,08374;1,08404;1,08402;1,08394;1,08384;1,08391;1,08402;1,08401;1,08388;1,08366;1,08388;1,08379;1,08372;1,08367;1,08369;1,08346;1,08324;1,08301;1,08304;1,08307;1,08303;1,08297;1,08217;1,08226;1,08243;1,08238;1,08421; 
 1,08463;1,08431;1,08476;1,08493;1,08481;1,08436;1,08415;1,0845;1,08398;1,08443;1,08413;1,08425;1,08451;1,08423;1,08438;1,08454;1,08462;1,08508;1,08484;1,08491;1,08497;1,0847;1,0848;1,08467;1,08463;1,08471;1,08489;1,08488;1,08479;1,08486;1,08487;1,08506;1,0851;1,08518;1,08491;1,085;1,08498;1,08497;1,08508;1,08504;1,08515;1,08513;1,08514;1,08515;1,08512;1,08504;1,08467;1,08436;1,08453;1,08463;1,08486;1,08475;1,08488;1,08505;1,08525;1,08523;1,08548;1,08533;1,08519;1,08487;1,08471;1,08497;1,08477;1,08468;1,08468;1,08475;1,08447;1,08446;1,08417;1,08401;1,08395;1,08377;1,08399;1,08373;1,08384;1,08419;1,08408;1,08434;1,0843;1,08443;1,08425;1,08434;1,08435;1,08433;1,08448;1,08417;1,08399;1,08398;1,08398;1,08368;1,08405;1,08398;1,08367;1,08374;1,08404;1,08402;1,08394;1,08384;1,08391;1,08402;1,08401;1,08388;1,08366;1,08388;1,08379;1,08372;1,08367;1,08369;1,08346;1,08324;1,08301;1,08304;1,08307;1,08303;1,08297;1,08217;1,08226;1,08243;1,08238;1,08243;1,08416; 
 1,08431;1,08476;1,08493;1,08481;1,08436;1,08415;1,0845;1,08398;1,08443;1,08413;1,08425;1,08451;1,08423;1,08438;1,08454;1,08462;1,08508;1,08484;1,08491;1,08497;1,0847;1,0848;1,08467;1,08463;1,08471;1,08489;1,08488;1,08479;1,08486;1,08487;1,08506;1,0851;1,08518;1,08491;1,085;1,08498;1,08497;1,08508;1,08504;1,08515;1,08513;1,08514;1,08515;1,08512;1,08504;1,08467;1,08436;1,08453;1,08463;1,08486;1,08475;1,08488;1,08505;1,08525;1,08523;1,08548;1,08533;1,08519;1,08487;1,08471;1,08497;1,08477;1,08468;1,08468;1,08475;1,08447;1,08446;1,08417;1,08401;1,08395;1,08377;1,08399;1,08373;1,08384;1,08419;1,08408;1,08434;1,0843;1,08443;1,08425;1,08434;1,08435;1,08433;1,08448;1,08417;1,08399;1,08398;1,08398;1,08368;1,08405;1,08398;1,08367;1,08374;1,08404;1,08402;1,08394;1,08384;1,08391;1,08402;1,08401;1,08388;1,08366;1,08388;1,08379;1,08372;1,08367;1,08369;1,08346;1,08324;1,08301;1,08304;1,08307;1,08303;1,08297;1,08217;1,08226;1,08243;1,08238;1,08243;1,08252;1,08438; 
 1,08476;1,08493;1,08481;1,08436;1,08415;1,0845;1,08398;1,08443;1,08413;1,08425;1,08451;1,08423;1,08438;1,08454;1,08462;1,08508;1,08484;1,08491;1,08497;1,0847;1,0848;1,08467;1,08463;1,08471;1,08489;1,08488;1,08479;1,08486;1,08487;1,08506;1,0851;1,08518;1,08491;1,085;1,08498;1,08497;1,08508;1,08504;1,08515;1,08513;1,08514;1,08515;1,08512;1,08504;1,08467;1,08436;1,08453;1,08463;1,08486;1,08475;1,08488;1,08505;1,08525;1,08523;1,08548;1,08533;1,08519;1,08487;1,08471;1,08497;1,08477;1,08468;1,08468;1,08475;1,08447;1,08446;1,08417;1,08401;1,08395;1,08377;1,08399;1,08373;1,08384;1,08419;1,08408;1,08434;1,0843;1,08443;1,08425;1,08434;1,08435;1,08433;1,08448;1,08417;1,08399;1,08398;1,08398;1,08368;1,08405;1,08398;1,08367;1,08374;1,08404;1,08402;1,08394;1,08384;1,08391;1,08402;1,08401;1,08388;1,08366;1,08388;1,08379;1,08372;1,08367;1,08369;1,08346;1,08324;1,08301;1,08304;1,08307;1,08303;1,08297;1,08217;1,08226;1,08243;1,08238;1,08243;1,08252;1,08248;1,08452; 
 1,08493;1,08481;1,08436;1,08415;1,0845;1,08398;1,08443;1,08413;1,08425;1,08451;1,08423;1,08438;1,08454;1,08462;1,08508;1,08484;1,08491;1,08497;1,0847;1,0848;1,08467;1,08463;1,08471;1,08489;1,08488;1,08479;1,08486;1,08487;1,08506;1,0851;1,08518;1,08491;1,085;1,08498;1,08497;1,08508;1,08504;1,08515;1,08513;1,08514;1,08515;1,08512;1,08504;1,08467;1,08436;1,08453;1,08463;1,08486;1,08475;1,08488;1,08505;1,08525;1,08523;1,08548;1,08533;1,08519;1,08487;1,08471;1,08497;1,08477;1,08468;1,08468;1,08475;1,08447;1,08446;1,08417;1,08401;1,08395;1,08377;1,08399;1,08373;1,08384;1,08419;1,08408;1,08434;1,0843;1,08443;1,08425;1,08434;1,08435;1,08433;1,08448;1,08417;1,08399;1,08398;1,08398;1,08368;1,08405;1,08398;1,08367;1,08374;1,08404;1,08402;1,08394;1,08384;1,08391;1,08402;1,08401;1,08388;1,08366;1,08388;1,08379;1,08372;1,08367;1,08369;1,08346;1,08324;1,08301;1,08304;1,08307;1,08303;1,08297;1,08217;1,08226;1,08243;1,08238;1,08243;1,08252;1,08248;1,08246;1,08473; 
 1,08481;1,08436;1,08415;1,0845;1,08398;1,08443;1,08413;1,08425;1,08451;1,08423;1,08438;1,08454;1,08462;1,08508;1,08484;1,08491;1,08497;1,0847;1,0848;1,08467;1,08463;1,08471;1,08489;1,08488;1,08479;1,08486;1,08487;1,08506;1,0851;1,08518;1,08491;1,085;1,08498;1,08497;1,08508;1,08504;1,08515;1,08513;1,08514;1,08515;1,08512;1,08504;1,08467;1,08436;1,08453;1,08463;1,08486;1,08475;1,08488;1,08505;1,08525;1,08523;1,08548;1,08533;1,08519;1,08487;1,08471;1,08497;1,08477;1,08468;1,08468;1,08475;1,08447;1,08446;1,08417;1,08401;1,08395;1,08377;1,08399;1,08373;1,08384;1,08419;1,08408;1,08434;1,0843;1,08443;1,08425;1,08434;1,08435;1,08433;1,08448;1,08417;1,08399;1,08398;1,08398;1,08368;1,08405;1,08398;1,08367;1,08374;1,08404;1,08402;1,08394;1,08384;1,08391;1,08402;1,08401;1,08388;1,08366;1,08388;1,08379;1,08372;1,08367;1,08369;1,08346;1,08324;1,08301;1,08304;1,08307;1,08303;1,08297;1,08217;1,08226;1,08243;1,08238;1,08243;1,08252;1,08248;1,08246;1,08263;1,08486; 
 1,08436;1,08415;1,0845;1,08398;1,08443;1,08413;1,08425;1,08451;1,08423;1,08438;1,08454;1,08462;1,08508;1,08484;1,08491;1,08497;1,0847;1,0848;1,08467;1,08463;1,08471;1,08489;1,08488;1,08479;1,08486;1,08487;1,08506;1,0851;1,08518;1,08491;1,085;1,08498;1,08497;1,08508;1,08504;1,08515;1,08513;1,08514;1,08515;1,08512;1,08504;1,08467;1,08436;1,08453;1,08463;1,08486;1,08475;1,08488;1,08505;1,08525;1,08523;1,08548;1,08533;1,08519;1,08487;1,08471;1,08497;1,08477;1,08468;1,08468;1,08475;1,08447;1,08446;1,08417;1,08401;1,08395;1,08377;1,08399;1,08373;1,08384;1,08419;1,08408;1,08434;1,0843;1,08443;1,08425;1,08434;1,08435;1,08433;1,08448;1,08417;1,08399;1,08398;1,08398;1,08368;1,08405;1,08398;1,08367;1,08374;1,08404;1,08402;1,08394;1,08384;1,08391;1,08402;1,08401;1,08388;1,08366;1,08388;1,08379;1,08372;1,08367;1,08369;1,08346;1,08324;1,08301;1,08304;1,08307;1,08303;1,08297;1,08217;1,08226;1,08243;1,08238;1,08243;1,08252;1,08248;1,08246;1,08263;1,08241;1,08488; 
 1,08415;1,0845;1,08398;1,08443;1,08413;1,08425;1,08451;1,08423;1,08438;1,08454;1,08462;1,08508;1,08484;1,08491;1,08497;1,0847;1,0848;1,08467;1,08463;1,08471;1,08489;1,08488;1,08479;1,08486;1,08487;1,08506;1,0851;1,08518;1,08491;1,085;1,08498;1,08497;1,08508;1,08504;1,08515;1,08513;1,08514;1,08515;1,08512;1,08504;1,08467;1,08436;1,08453;1,08463;1,08486;1,08475;1,08488;1,08505;1,08525;1,08523;1,08548;1,08533;1,08519;1,08487;1,08471;1,08497;1,08477;1,08468;1,08468;1,08475;1,08447;1,08446;1,08417;1,08401;1,08395;1,08377;1,08399;1,08373;1,08384;1,08419;1,08408;1,08434;1,0843;1,08443;1,08425;1,08434;1,08435;1,08433;1,08448;1,08417;1,08399;1,08398;1,08398;1,08368;1,08405;1,08398;1,08367;1,08374;1,08404;1,08402;1,08394;1,08384;1,08391;1,08402;1,08401;1,08388;1,08366;1,08388;1,08379;1,08372;1,08367;1,08369;1,08346;1,08324;1,08301;1,08304;1,08307;1,08303;1,08297;1,08217;1,08226;1,08243;1,08238;1,08243;1,08252;1,08248;1,08246;1,08263;1,08241;1,08256;1,08487; 
 1,0845;1,08398;1,08443;1,08413;1,08425;1,08451;1,08423;1,08438;1,08454;1,08462;1,08508;1,08484;1,08491;1,08497;1,0847;1,0848;1,08467;1,08463;1,08471;1,08489;1,08488;1,08479;1,08486;1,08487;1,08506;1,0851;1,08518;1,08491;1,085;1,08498;1,08497;1,08508;1,08504;1,08515;1,08513;1,08514;1,08515;1,08512;1,08504;1,08467;1,08436;1,08453;1,08463;1,08486;1,08475;1,08488;1,08505;1,08525;1,08523;1,08548;1,08533;1,08519;1,08487;1,08471;1,08497;1,08477;1,08468;1,08468;1,08475;1,08447;1,08446;1,08417;1,08401;1,08395;1,08377;1,08399;1,08373;1,08384;1,08419;1,08408;1,08434;1,0843;1,08443;1,08425;1,08434;1,08435;1,08433;1,08448;1,08417;1,08399;1,08398;1,08398;1,08368;1,08405;1,08398;1,08367;1,08374;1,08404;1,08402;1,08394;1,08384;1,08391;1,08402;1,08401;1,08388;1,08366;1,08388;1,08379;1,08372;1,08367;1,08369;1,08346;1,08324;1,08301;1,08304;1,08307;1,08303;1,08297;1,08217;1,08226;1,08243;1,08238;1,08243;1,08252;1,08248;1,08246;1,08263;1,08241;1,08256;1,0825;1,08499; 
 1,08398;1,08443;1,08413;1,08425;1,08451;1,08423;1,08438;1,08454;1,08462;1,08508;1,08484;1,08491;1,08497;1,0847;1,0848;1,08467;1,08463;1,08471;1,08489;1,08488;1,08479;1,08486;1,08487;1,08506;1,0851;1,08518;1,08491;1,085;1,08498;1,08497;1,08508;1,08504;1,08515;1,08513;1,08514;1,08515;1,08512;1,08504;1,08467;1,08436;1,08453;1,08463;1,08486;1,08475;1,08488;1,08505;1,08525;1,08523;1,08548;1,08533;1,08519;1,08487;1,08471;1,08497;1,08477;1,08468;1,08468;1,08475;1,08447;1,08446;1,08417;1,08401;1,08395;1,08377;1,08399;1,08373;1,08384;1,08419;1,08408;1,08434;1,0843;1,08443;1,08425;1,08434;1,08435;1,08433;1,08448;1,08417;1,08399;1,08398;1,08398;1,08368;1,08405;1,08398;1,08367;1,08374;1,08404;1,08402;1,08394;1,08384;1,08391;1,08402;1,08401;1,08388;1,08366;1,08388;1,08379;1,08372;1,08367;1,08369;1,08346;1,08324;1,08301;1,08304;1,08307;1,08303;1,08297;1,08217;1,08226;1,08243;1,08238;1,08243;1,08252;1,08248;1,08246;1,08263;1,08241;1,08256;1,0825;1,08258;1,08467; 
 1,08443;1,08413;1,08425;1,08451;1,08423;1,08438;1,08454;1,08462;1,08508;1,08484;1,08491;1,08497;1,0847;1,0848;1,08467;1,08463;1,08471;1,08489;1,08488;1,08479;1,08486;1,08487;1,08506;1,0851;1,08518;1,08491;1,085;1,08498;1,08497;1,08508;1,08504;1,08515;1,08513;1,08514;1,08515;1,08512;1,08504;1,08467;1,08436;1,08453;1,08463;1,08486;1,08475;1,08488;1,08505;1,08525;1,08523;1,08548;1,08533;1,08519;1,08487;1,08471;1,08497;1,08477;1,08468;1,08468;1,08475;1,08447;1,08446;1,08417;1,08401;1,08395;1,08377;1,08399;1,08373;1,08384;1,08419;1,08408;1,08434;1,0843;1,08443;1,08425;1,08434;1,08435;1,08433;1,08448;1,08417;1,08399;1,08398;1,08398;1,08368;1,08405;1,08398;1,08367;1,08374;1,08404;1,08402;1,08394;1,08384;1,08391;1,08402;1,08401;1,08388;1,08366;1,08388;1,08379;1,08372;1,08367;1,08369;1,08346;1,08324;1,08301;1,08304;1,08307;1,08303;1,08297;1,08217;1,08226;1,08243;1,08238;1,08243;1,08252;1,08248;1,08246;1,08263;1,08241;1,08256;1,0825;1,08258;1,08255;1,08465; 
 1,08413;1,08425;1,08451;1,08423;1,08438;1,08454;1,08462;1,08508;1,08484;1,08491;1,08497;1,0847;1,0848;1,08467;1,08463;1,08471;1,08489;1,08488;1,08479;1,08486;1,08487;1,08506;1,0851;1,08518;1,08491;1,085;1,08498;1,08497;1,08508;1,08504;1,08515;1,08513;1,08514;1,08515;1,08512;1,08504;1,08467;1,08436;1,08453;1,08463;1,08486;1,08475;1,08488;1,08505;1,08525;1,08523;1,08548;1,08533;1,08519;1,08487;1,08471;1,08497;1,08477;1,08468;1,08468;1,08475;1,08447;1,08446;1,08417;1,08401;1,08395;1,08377;1,08399;1,08373;1,08384;1,08419;1,08408;1,08434;1,0843;1,08443;1,08425;1,08434;1,08435;1,08433;1,08448;1,08417;1,08399;1,08398;1,08398;1,08368;1,08405;1,08398;1,08367;1,08374;1,08404;1,08402;1,08394;1,08384;1,08391;1,08402;1,08401;1,08388;1,08366;1,08388;1,08379;1,08372;1,08367;1,08369;1,08346;1,08324;1,08301;1,08304;1,08307;1,08303;1,08297;1,08217;1,08226;1,08243;1,08238;1,08243;1,08252;1,08248;1,08246;1,08263;1,08241;1,08256;1,0825;1,08258;1,08255;1,08262;1,08455; 
 1,08425;1,08451;1,08423;1,08438;1,08454;1,08462;1,08508;1,08484;1,08491;1,08497;1,0847;1,0848;1,08467;1,08463;1,08471;1,08489;1,08488;1,08479;1,08486;1,08487;1,08506;1,0851;1,08518;1,08491;1,085;1,08498;1,08497;1,08508;1,08504;1,08515;1,08513;1,08514;1,08515;1,08512;1,08504;1,08467;1,08436;1,08453;1,08463;1,08486;1,08475;1,08488;1,08505;1,08525;1,08523;1,08548;1,08533;1,08519;1,08487;1,08471;1,08497;1,08477;1,08468;1,08468;1,08475;1,08447;1,08446;1,08417;1,08401;1,08395;1,08377;1,08399;1,08373;1,08384;1,08419;1,08408;1,08434;1,0843;1,08443;1,08425;1,08434;1,08435;1,08433;1,08448;1,08417;1,08399;1,08398;1,08398;1,08368;1,08405;1,08398;1,08367;1,08374;1,08404;1,08402;1,08394;1,08384;1,08391;1,08402;1,08401;1,08388;1,08366;1,08388;1,08379;1,08372;1,08367;1,08369;1,08346;1,08324;1,08301;1,08304;1,08307;1,08303;1,08297;1,08217;1,08226;1,08243;1,08238;1,08243;1,08252;1,08248;1,08246;1,08263;1,08241;1,08256;1,0825;1,08258;1,08255;1,08262;1,08258;1,0846; 
 1,08451;1,08423;1,08438;1,08454;1,08462;1,08508;1,08484;1,08491;1,08497;1,0847;1,0848;1,08467;1,08463;1,08471;1,08489;1,08488;1,08479;1,08486;1,08487;1,08506;1,0851;1,08518;1,08491;1,085;1,08498;1,08497;1,08508;1,08504;1,08515;1,08513;1,08514;1,08515;1,08512;1,08504;1,08467;1,08436;1,08453;1,08463;1,08486;1,08475;1,08488;1,08505;1,08525;1,08523;1,08548;1,08533;1,08519;1,08487;1,08471;1,08497;1,08477;1,08468;1,08468;1,08475;1,08447;1,08446;1,08417;1,08401;1,08395;1,08377;1,08399;1,08373;1,08384;1,08419;1,08408;1,08434;1,0843;1,08443;1,08425;1,08434;1,08435;1,08433;1,08448;1,08417;1,08399;1,08398;1,08398;1,08368;1,08405;1,08398;1,08367;1,08374;1,08404;1,08402;1,08394;1,08384;1,08391;1,08402;1,08401;1,08388;1,08366;1,08388;1,08379;1,08372;1,08367;1,08369;1,08346;1,08324;1,08301;1,08304;1,08307;1,08303;1,08297;1,08217;1,08226;1,08243;1,08238;1,08243;1,08252;1,08248;1,08246;1,08263;1,08241;1,08256;1,0825;1,08258;1,08255;1,08262;1,08258;1,08247;1,08462; 
 1,08423;1,08438;1,08454;1,08462;1,08508;1,08484;1,08491;1,08497;1,0847;1,0848;1,08467;1,08463;1,08471;1,08489;1,08488;1,08479;1,08486;1,08487;1,08506;1,0851;1,08518;1,08491;1,085;1,08498;1,08497;1,08508;1,08504;1,08515;1,08513;1,08514;1,08515;1,08512;1,08504;1,08467;1,08436;1,08453;1,08463;1,08486;1,08475;1,08488;1,08505;1,08525;1,08523;1,08548;1,08533;1,08519;1,08487;1,08471;1,08497;1,08477;1,08468;1,08468;1,08475;1,08447;1,08446;1,08417;1,08401;1,08395;1,08377;1,08399;1,08373;1,08384;1,08419;1,08408;1,08434;1,0843;1,08443;1,08425;1,08434;1,08435;1,08433;1,08448;1,08417;1,08399;1,08398;1,08398;1,08368;1,08405;1,08398;1,08367;1,08374;1,08404;1,08402;1,08394;1,08384;1,08391;1,08402;1,08401;1,08388;1,08366;1,08388;1,08379;1,08372;1,08367;1,08369;1,08346;1,08324;1,08301;1,08304;1,08307;1,08303;1,08297;1,08217;1,08226;1,08243;1,08238;1,08243;1,08252;1,08248;1,08246;1,08263;1,08241;1,08256;1,0825;1,08258;1,08255;1,08262;1,08258;1,08247;1,08258;1,08461; 
 1,08438;1,08454;1,08462;1,08508;1,08484;1,08491;1,08497;1,0847;1,0848;1,08467;1,08463;1,08471;1,08489;1,08488;1,08479;1,08486;1,08487;1,08506;1,0851;1,08518;1,08491;1,085;1,08498;1,08497;1,08508;1,08504;1,08515;1,08513;1,08514;1,08515;1,08512;1,08504;1,08467;1,08436;1,08453;1,08463;1,08486;1,08475;1,08488;1,08505;1,08525;1,08523;1,08548;1,08533;1,08519;1,08487;1,08471;1,08497;1,08477;1,08468;1,08468;1,08475;1,08447;1,08446;1,08417;1,08401;1,08395;1,08377;1,08399;1,08373;1,08384;1,08419;1,08408;1,08434;1,0843;1,08443;1,08425;1,08434;1,08435;1,08433;1,08448;1,08417;1,08399;1,08398;1,08398;1,08368;1,08405;1,08398;1,08367;1,08374;1,08404;1,08402;1,08394;1,08384;1,08391;1,08402;1,08401;1,08388;1,08366;1,08388;1,08379;1,08372;1,08367;1,08369;1,08346;1,08324;1,08301;1,08304;1,08307;1,08303;1,08297;1,08217;1,08226;1,08243;1,08238;1,08243;1,08252;1,08248;1,08246;1,08263;1,08241;1,08256;1,0825;1,08258;1,08255;1,08262;1,08258;1,08247;1,08258;1,08258;1,0846; 
 1,08454;1,08462;1,08508;1,08484;1,08491;1,08497;1,0847;1,0848;1,08467;1,08463;1,08471;1,08489;1,08488;1,08479;1,08486;1,08487;1,08506;1,0851;1,08518;1,08491;1,085;1,08498;1,08497;1,08508;1,08504;1,08515;1,08513;1,08514;1,08515;1,08512;1,08504;1,08467;1,08436;1,08453;1,08463;1,08486;1,08475;1,08488;1,08505;1,08525;1,08523;1,08548;1,08533;1,08519;1,08487;1,08471;1,08497;1,08477;1,08468;1,08468;1,08475;1,08447;1,08446;1,08417;1,08401;1,08395;1,08377;1,08399;1,08373;1,08384;1,08419;1,08408;1,08434;1,0843;1,08443;1,08425;1,08434;1,08435;1,08433;1,08448;1,08417;1,08399;1,08398;1,08398;1,08368;1,08405;1,08398;1,08367;1,08374;1,08404;1,08402;1,08394;1,08384;1,08391;1,08402;1,08401;1,08388;1,08366;1,08388;1,08379;1,08372;1,08367;1,08369;1,08346;1,08324;1,08301;1,08304;1,08307;1,08303;1,08297;1,08217;1,08226;1,08243;1,08238;1,08243;1,08252;1,08248;1,08246;1,08263;1,08241;1,08256;1,0825;1,08258;1,08255;1,08262;1,08258;1,08247;1,08258;1,08258;1,08267;1,08451; 
 1,08462;1,08508;1,08484;1,08491;1,08497;1,0847;1,0848;1,08467;1,08463;1,08471;1,08489;1,08488;1,08479;1,08486;1,08487;1,08506;1,0851;1,08518;1,08491;1,085;1,08498;1,08497;1,08508;1,08504;1,08515;1,08513;1,08514;1,08515;1,08512;1,08504;1,08467;1,08436;1,08453;1,08463;1,08486;1,08475;1,08488;1,08505;1,08525;1,08523;1,08548;1,08533;1,08519;1,08487;1,08471;1,08497;1,08477;1,08468;1,08468;1,08475;1,08447;1,08446;1,08417;1,08401;1,08395;1,08377;1,08399;1,08373;1,08384;1,08419;1,08408;1,08434;1,0843;1,08443;1,08425;1,08434;1,08435;1,08433;1,08448;1,08417;1,08399;1,08398;1,08398;1,08368;1,08405;1,08398;1,08367;1,08374;1,08404;1,08402;1,08394;1,08384;1,08391;1,08402;1,08401;1,08388;1,08366;1,08388;1,08379;1,08372;1,08367;1,08369;1,08346;1,08324;1,08301;1,08304;1,08307;1,08303;1,08297;1,08217;1,08226;1,08243;1,08238;1,08243;1,08252;1,08248;1,08246;1,08263;1,08241;1,08256;1,0825;1,08258;1,08255;1,08262;1,08258;1,08247;1,08258;1,08258;1,08267;1,08243;1,08451; 
 1,08508;1,08484;1,08491;1,08497;1,0847;1,0848;1,08467;1,08463;1,08471;1,08489;1,08488;1,08479;1,08486;1,08487;1,08506;1,0851;1,08518;1,08491;1,085;1,08498;1,08497;1,08508;1,08504;1,08515;1,08513;1,08514;1,08515;1,08512;1,08504;1,08467;1,08436;1,08453;1,08463;1,08486;1,08475;1,08488;1,08505;1,08525;1,08523;1,08548;1,08533;1,08519;1,08487;1,08471;1,08497;1,08477;1,08468;1,08468;1,08475;1,08447;1,08446;1,08417;1,08401;1,08395;1,08377;1,08399;1,08373;1,08384;1,08419;1,08408;1,08434;1,0843;1,08443;1,08425;1,08434;1,08435;1,08433;1,08448;1,08417;1,08399;1,08398;1,08398;1,08368;1,08405;1,08398;1,08367;1,08374;1,08404;1,08402;1,08394;1,08384;1,08391;1,08402;1,08401;1,08388;1,08366;1,08388;1,08379;1,08372;1,08367;1,08369;1,08346;1,08324;1,08301;1,08304;1,08307;1,08303;1,08297;1,08217;1,08226;1,08243;1,08238;1,08243;1,08252;1,08248;1,08246;1,08263;1,08241;1,08256;1,0825;1,08258;1,08255;1,08262;1,08258;1,08247;1,08258;1,08258;1,08267;1,08243;1,08252;1,0844; 
 1,08484;1,08491;1,08497;1,0847;1,0848;1,08467;1,08463;1,08471;1,08489;1,08488;1,08479;1,08486;1,08487;1,08506;1,0851;1,08518;1,08491;1,085;1,08498;1,08497;1,08508;1,08504;1,08515;1,08513;1,08514;1,08515;1,08512;1,08504;1,08467;1,08436;1,08453;1,08463;1,08486;1,08475;1,08488;1,08505;1,08525;1,08523;1,08548;1,08533;1,08519;1,08487;1,08471;1,08497;1,08477;1,08468;1,08468;1,08475;1,08447;1,08446;1,08417;1,08401;1,08395;1,08377;1,08399;1,08373;1,08384;1,08419;1,08408;1,08434;1,0843;1,08443;1,08425;1,08434;1,08435;1,08433;1,08448;1,08417;1,08399;1,08398;1,08398;1,08368;1,08405;1,08398;1,08367;1,08374;1,08404;1,08402;1,08394;1,08384;1,08391;1,08402;1,08401;1,08388;1,08366;1,08388;1,08379;1,08372;1,08367;1,08369;1,08346;1,08324;1,08301;1,08304;1,08307;1,08303;1,08297;1,08217;1,08226;1,08243;1,08238;1,08243;1,08252;1,08248;1,08246;1,08263;1,08241;1,08256;1,0825;1,08258;1,08255;1,08262;1,08258;1,08247;1,08258;1,08258;1,08267;1,08243;1,08252;1,08266;1,08449; 
 1,08491;1,08497;1,0847;1,0848;1,08467;1,08463;1,08471;1,08489;1,08488;1,08479;1,08486;1,08487;1,08506;1,0851;1,08518;1,08491;1,085;1,08498;1,08497;1,08508;1,08504;1,08515;1,08513;1,08514;1,08515;1,08512;1,08504;1,08467;1,08436;1,08453;1,08463;1,08486;1,08475;1,08488;1,08505;1,08525;1,08523;1,08548;1,08533;1,08519;1,08487;1,08471;1,08497;1,08477;1,08468;1,08468;1,08475;1,08447;1,08446;1,08417;1,08401;1,08395;1,08377;1,08399;1,08373;1,08384;1,08419;1,08408;1,08434;1,0843;1,08443;1,08425;1,08434;1,08435;1,08433;1,08448;1,08417;1,08399;1,08398;1,08398;1,08368;1,08405;1,08398;1,08367;1,08374;1,08404;1,08402;1,08394;1,08384;1,08391;1,08402;1,08401;1,08388;1,08366;1,08388;1,08379;1,08372;1,08367;1,08369;1,08346;1,08324;1,08301;1,08304;1,08307;1,08303;1,08297;1,08217;1,08226;1,08243;1,08238;1,08243;1,08252;1,08248;1,08246;1,08263;1,08241;1,08256;1,0825;1,08258;1,08255;1,08262;1,08258;1,08247;1,08258;1,08258;1,08267;1,08243;1,08252;1,08266;1,08276;1,08444; 
 1,08497;1,0847;1,0848;1,08467;1,08463;1,08471;1,08489;1,08488;1,08479;1,08486;1,08487;1,08506;1,0851;1,08518;1,08491;1,085;1,08498;1,08497;1,08508;1,08504;1,08515;1,08513;1,08514;1,08515;1,08512;1,08504;1,08467;1,08436;1,08453;1,08463;1,08486;1,08475;1,08488;1,08505;1,08525;1,08523;1,08548;1,08533;1,08519;1,08487;1,08471;1,08497;1,08477;1,08468;1,08468;1,08475;1,08447;1,08446;1,08417;1,08401;1,08395;1,08377;1,08399;1,08373;1,08384;1,08419;1,08408;1,08434;1,0843;1,08443;1,08425;1,08434;1,08435;1,08433;1,08448;1,08417;1,08399;1,08398;1,08398;1,08368;1,08405;1,08398;1,08367;1,08374;1,08404;1,08402;1,08394;1,08384;1,08391;1,08402;1,08401;1,08388;1,08366;1,08388;1,08379;1,08372;1,08367;1,08369;1,08346;1,08324;1,08301;1,08304;1,08307;1,08303;1,08297;1,08217;1,08226;1,08243;1,08238;1,08243;1,08252;1,08248;1,08246;1,08263;1,08241;1,08256;1,0825;1,08258;1,08255;1,08262;1,08258;1,08247;1,08258;1,08258;1,08267;1,08243;1,08252;1,08266;1,08276;1,08292;1,08441; 
 1,0847;1,0848;1,08467;1,08463;1,08471;1,08489;1,08488;1,08479;1,08486;1,08487;1,08506;1,0851;1,08518;1,08491;1,085;1,08498;1,08497;1,08508;1,08504;1,08515;1,08513;1,08514;1,08515;1,08512;1,08504;1,08467;1,08436;1,08453;1,08463;1,08486;1,08475;1,08488;1,08505;1,08525;1,08523;1,08548;1,08533;1,08519;1,08487;1,08471;1,08497;1,08477;1,08468;1,08468;1,08475;1,08447;1,08446;1,08417;1,08401;1,08395;1,08377;1,08399;1,08373;1,08384;1,08419;1,08408;1,08434;1,0843;1,08443;1,08425;1,08434;1,08435;1,08433;1,08448;1,08417;1,08399;1,08398;1,08398;1,08368;1,08405;1,08398;1,08367;1,08374;1,08404;1,08402;1,08394;1,08384;1,08391;1,08402;1,08401;1,08388;1,08366;1,08388;1,08379;1,08372;1,08367;1,08369;1,08346;1,08324;1,08301;1,08304;1,08307;1,08303;1,08297;1,08217;1,08226;1,08243;1,08238;1,08243;1,08252;1,08248;1,08246;1,08263;1,08241;1,08256;1,0825;1,08258;1,08255;1,08262;1,08258;1,08247;1,08258;1,08258;1,08267;1,08243;1,08252;1,08266;1,08276;1,08292;1,083;1,08442; 
 1,0848;1,08467;1,08463;1,08471;1,08489;1,08488;1,08479;1,08486;1,08487;1,08506;1,0851;1,08518;1,08491;1,085;1,08498;1,08497;1,08508;1,08504;1,08515;1,08513;1,08514;1,08515;1,08512;1,08504;1,08467;1,08436;1,08453;1,08463;1,08486;1,08475;1,08488;1,08505;1,08525;1,08523;1,08548;1,08533;1,08519;1,08487;1,08471;1,08497;1,08477;1,08468;1,08468;1,08475;1,08447;1,08446;1,08417;1,08401;1,08395;1,08377;1,08399;1,08373;1,08384;1,08419;1,08408;1,08434;1,0843;1,08443;1,08425;1,08434;1,08435;1,08433;1,08448;1,08417;1,08399;1,08398;1,08398;1,08368;1,08405;1,08398;1,08367;1,08374;1,08404;1,08402;1,08394;1,08384;1,08391;1,08402;1,08401;1,08388;1,08366;1,08388;1,08379;1,08372;1,08367;1,08369;1,08346;1,08324;1,08301;1,08304;1,08307;1,08303;1,08297;1,08217;1,08226;1,08243;1,08238;1,08243;1,08252;1,08248;1,08246;1,08263;1,08241;1,08256;1,0825;1,08258;1,08255;1,08262;1,08258;1,08247;1,08258;1,08258;1,08267;1,08243;1,08252;1,08266;1,08276;1,08292;1,083;1,08291;1,08455; 
 1,08467;1,08463;1,08471;1,08489;1,08488;1,08479;1,08486;1,08487;1,08506;1,0851;1,08518;1,08491;1,085;1,08498;1,08497;1,08508;1,08504;1,08515;1,08513;1,08514;1,08515;1,08512;1,08504;1,08467;1,08436;1,08453;1,08463;1,08486;1,08475;1,08488;1,08505;1,08525;1,08523;1,08548;1,08533;1,08519;1,08487;1,08471;1,08497;1,08477;1,08468;1,08468;1,08475;1,08447;1,08446;1,08417;1,08401;1,08395;1,08377;1,08399;1,08373;1,08384;1,08419;1,08408;1,08434;1,0843;1,08443;1,08425;1,08434;1,08435;1,08433;1,08448;1,08417;1,08399;1,08398;1,08398;1,08368;1,08405;1,08398;1,08367;1,08374;1,08404;1,08402;1,08394;1,08384;1,08391;1,08402;1,08401;1,08388;1,08366;1,08388;1,08379;1,08372;1,08367;1,08369;1,08346;1,08324;1,08301;1,08304;1,08307;1,08303;1,08297;1,08217;1,08226;1,08243;1,08238;1,08243;1,08252;1,08248;1,08246;1,08263;1,08241;1,08256;1,0825;1,08258;1,08255;1,08262;1,08258;1,08247;1,08258;1,08258;1,08267;1,08243;1,08252;1,08266;1,08276;1,08292;1,083;1,08291;1,08292;1,08452; 
 1,08463;1,08471;1,08489;1,08488;1,08479;1,08486;1,08487;1,08506;1,0851;1,08518;1,08491;1,085;1,08498;1,08497;1,08508;1,08504;1,08515;1,08513;1,08514;1,08515;1,08512;1,08504;1,08467;1,08436;1,08453;1,08463;1,08486;1,08475;1,08488;1,08505;1,08525;1,08523;1,08548;1,08533;1,08519;1,08487;1,08471;1,08497;1,08477;1,08468;1,08468;1,08475;1,08447;1,08446;1,08417;1,08401;1,08395;1,08377;1,08399;1,08373;1,08384;1,08419;1,08408;1,08434;1,0843;1,08443;1,08425;1,08434;1,08435;1,08433;1,08448;1,08417;1,08399;1,08398;1,08398;1,08368;1,08405;1,08398;1,08367;1,08374;1,08404;1,08402;1,08394;1,08384;1,08391;1,08402;1,08401;1,08388;1,08366;1,08388;1,08379;1,08372;1,08367;1,08369;1,08346;1,08324;1,08301;1,08304;1,08307;1,08303;1,08297;1,08217;1,08226;1,08243;1,08238;1,08243;1,08252;1,08248;1,08246;1,08263;1,08241;1,08256;1,0825;1,08258;1,08255;1,08262;1,08258;1,08247;1,08258;1,08258;1,08267;1,08243;1,08252;1,08266;1,08276;1,08292;1,083;1,08291;1,08292;1,08292;1,08448; 
 1,08471;1,08489;1,08488;1,08479;1,08486;1,08487;1,08506;1,0851;1,08518;1,08491;1,085;1,08498;1,08497;1,08508;1,08504;1,08515;1,08513;1,08514;1,08515;1,08512;1,08504;1,08467;1,08436;1,08453;1,08463;1,08486;1,08475;1,08488;1,08505;1,08525;1,08523;1,08548;1,08533;1,08519;1,08487;1,08471;1,08497;1,08477;1,08468;1,08468;1,08475;1,08447;1,08446;1,08417;1,08401;1,08395;1,08377;1,08399;1,08373;1,08384;1,08419;1,08408;1,08434;1,0843;1,08443;1,08425;1,08434;1,08435;1,08433;1,08448;1,08417;1,08399;1,08398;1,08398;1,08368;1,08405;1,08398;1,08367;1,08374;1,08404;1,08402;1,08394;1,08384;1,08391;1,08402;1,08401;1,08388;1,08366;1,08388;1,08379;1,08372;1,08367;1,08369;1,08346;1,08324;1,08301;1,08304;1,08307;1,08303;1,08297;1,08217;1,08226;1,08243;1,08238;1,08243;1,08252;1,08248;1,08246;1,08263;1,08241;1,08256;1,0825;1,08258;1,08255;1,08262;1,08258;1,08247;1,08258;1,08258;1,08267;1,08243;1,08252;1,08266;1,08276;1,08292;1,083;1,08291;1,08292;1,08292;1,08295;1,08455; 
 1,08489;1,08488;1,08479;1,08486;1,08487;1,08506;1,0851;1,08518;1,08491;1,085;1,08498;1,08497;1,08508;1,08504;1,08515;1,08513;1,08514;1,08515;1,08512;1,08504;1,08467;1,08436;1,08453;1,08463;1,08486;1,08475;1,08488;1,08505;1,08525;1,08523;1,08548;1,08533;1,08519;1,08487;1,08471;1,08497;1,08477;1,08468;1,08468;1,08475;1,08447;1,08446;1,08417;1,08401;1,08395;1,08377;1,08399;1,08373;1,08384;1,08419;1,08408;1,08434;1,0843;1,08443;1,08425;1,08434;1,08435;1,08433;1,08448;1,08417;1,08399;1,08398;1,08398;1,08368;1,08405;1,08398;1,08367;1,08374;1,08404;1,08402;1,08394;1,08384;1,08391;1,08402;1,08401;1,08388;1,08366;1,08388;1,08379;1,08372;1,08367;1,08369;1,08346;1,08324;1,08301;1,08304;1,08307;1,08303;1,08297;1,08217;1,08226;1,08243;1,08238;1,08243;1,08252;1,08248;1,08246;1,08263;1,08241;1,08256;1,0825;1,08258;1,08255;1,08262;1,08258;1,08247;1,08258;1,08258;1,08267;1,08243;1,08252;1,08266;1,08276;1,08292;1,083;1,08291;1,08292;1,08292;1,08295;1,08291;1,08466; 
 1,08488;1,08479;1,08486;1,08487;1,08506;1,0851;1,08518;1,08491;1,085;1,08498;1,08497;1,08508;1,08504;1,08515;1,08513;1,08514;1,08515;1,08512;1,08504;1,08467;1,08436;1,08453;1,08463;1,08486;1,08475;1,08488;1,08505;1,08525;1,08523;1,08548;1,08533;1,08519;1,08487;1,08471;1,08497;1,08477;1,08468;1,08468;1,08475;1,08447;1,08446;1,08417;1,08401;1,08395;1,08377;1,08399;1,08373;1,08384;1,08419;1,08408;1,08434;1,0843;1,08443;1,08425;1,08434;1,08435;1,08433;1,08448;1,08417;1,08399;1,08398;1,08398;1,08368;1,08405;1,08398;1,08367;1,08374;1,08404;1,08402;1,08394;1,08384;1,08391;1,08402;1,08401;1,08388;1,08366;1,08388;1,08379;1,08372;1,08367;1,08369;1,08346;1,08324;1,08301;1,08304;1,08307;1,08303;1,08297;1,08217;1,08226;1,08243;1,08238;1,08243;1,08252;1,08248;1,08246;1,08263;1,08241;1,08256;1,0825;1,08258;1,08255;1,08262;1,08258;1,08247;1,08258;1,08258;1,08267;1,08243;1,08252;1,08266;1,08276;1,08292;1,083;1,08291;1,08292;1,08292;1,08295;1,08291;1,08287;1,08443; 
 1,08479;1,08486;1,08487;1,08506;1,0851;1,08518;1,08491;1,085;1,08498;1,08497;1,08508;1,08504;1,08515;1,08513;1,08514;1,08515;1,08512;1,08504;1,08467;1,08436;1,08453;1,08463;1,08486;1,08475;1,08488;1,08505;1,08525;1,08523;1,08548;1,08533;1,08519;1,08487;1,08471;1,08497;1,08477;1,08468;1,08468;1,08475;1,08447;1,08446;1,08417;1,08401;1,08395;1,08377;1,08399;1,08373;1,08384;1,08419;1,08408;1,08434;1,0843;1,08443;1,08425;1,08434;1,08435;1,08433;1,08448;1,08417;1,08399;1,08398;1,08398;1,08368;1,08405;1,08398;1,08367;1,08374;1,08404;1,08402;1,08394;1,08384;1,08391;1,08402;1,08401;1,08388;1,08366;1,08388;1,08379;1,08372;1,08367;1,08369;1,08346;1,08324;1,08301;1,08304;1,08307;1,08303;1,08297;1,08217;1,08226;1,08243;1,08238;1,08243;1,08252;1,08248;1,08246;1,08263;1,08241;1,08256;1,0825;1,08258;1,08255;1,08262;1,08258;1,08247;1,08258;1,08258;1,08267;1,08243;1,08252;1,08266;1,08276;1,08292;1,083;1,08291;1,08292;1,08292;1,08295;1,08291;1,08287;1,08303;1,08445; 
 1,08486;1,08487;1,08506;1,0851;1,08518;1,08491;1,085;1,08498;1,08497;1,08508;1,08504;1,08515;1,08513;1,08514;1,08515;1,08512;1,08504;1,08467;1,08436;1,08453;1,08463;1,08486;1,08475;1,08488;1,08505;1,08525;1,08523;1,08548;1,08533;1,08519;1,08487;1,08471;1,08497;1,08477;1,08468;1,08468;1,08475;1,08447;1,08446;1,08417;1,08401;1,08395;1,08377;1,08399;1,08373;1,08384;1,08419;1,08408;1,08434;1,0843;1,08443;1,08425;1,08434;1,08435;1,08433;1,08448;1,08417;1,08399;1,08398;1,08398;1,08368;1,08405;1,08398;1,08367;1,08374;1,08404;1,08402;1,08394;1,08384;1,08391;1,08402;1,08401;1,08388;1,08366;1,08388;1,08379;1,08372;1,08367;1,08369;1,08346;1,08324;1,08301;1,08304;1,08307;1,08303;1,08297;1,08217;1,08226;1,08243;1,08238;1,08243;1,08252;1,08248;1,08246;1,08263;1,08241;1,08256;1,0825;1,08258;1,08255;1,08262;1,08258;1,08247;1,08258;1,08258;1,08267;1,08243;1,08252;1,08266;1,08276;1,08292;1,083;1,08291;1,08292;1,08292;1,08295;1,08291;1,08287;1,08303;1,08313;1,08435; 
 1,08487;1,08506;1,0851;1,08518;1,08491;1,085;1,08498;1,08497;1,08508;1,08504;1,08515;1,08513;1,08514;1,08515;1,08512;1,08504;1,08467;1,08436;1,08453;1,08463;1,08486;1,08475;1,08488;1,08505;1,08525;1,08523;1,08548;1,08533;1,08519;1,08487;1,08471;1,08497;1,08477;1,08468;1,08468;1,08475;1,08447;1,08446;1,08417;1,08401;1,08395;1,08377;1,08399;1,08373;1,08384;1,08419;1,08408;1,08434;1,0843;1,08443;1,08425;1,08434;1,08435;1,08433;1,08448;1,08417;1,08399;1,08398;1,08398;1,08368;1,08405;1,08398;1,08367;1,08374;1,08404;1,08402;1,08394;1,08384;1,08391;1,08402;1,08401;1,08388;1,08366;1,08388;1,08379;1,08372;1,08367;1,08369;1,08346;1,08324;1,08301;1,08304;1,08307;1,08303;1,08297;1,08217;1,08226;1,08243;1,08238;1,08243;1,08252;1,08248;1,08246;1,08263;1,08241;1,08256;1,0825;1,08258;1,08255;1,08262;1,08258;1,08247;1,08258;1,08258;1,08267;1,08243;1,08252;1,08266;1,08276;1,08292;1,083;1,08291;1,08292;1,08292;1,08295;1,08291;1,08287;1,08303;1,08313;1,08325;1,0844; 
 1,08506;1,0851;1,08518;1,08491;1,085;1,08498;1,08497;1,08508;1,08504;1,08515;1,08513;1,08514;1,08515;1,08512;1,08504;1,08467;1,08436;1,08453;1,08463;1,08486;1,08475;1,08488;1,08505;1,08525;1,08523;1,08548;1,08533;1,08519;1,08487;1,08471;1,08497;1,08477;1,08468;1,08468;1,08475;1,08447;1,08446;1,08417;1,08401;1,08395;1,08377;1,08399;1,08373;1,08384;1,08419;1,08408;1,08434;1,0843;1,08443;1,08425;1,08434;1,08435;1,08433;1,08448;1,08417;1,08399;1,08398;1,08398;1,08368;1,08405;1,08398;1,08367;1,08374;1,08404;1,08402;1,08394;1,08384;1,08391;1,08402;1,08401;1,08388;1,08366;1,08388;1,08379;1,08372;1,08367;1,08369;1,08346;1,08324;1,08301;1,08304;1,08307;1,08303;1,08297;1,08217;1,08226;1,08243;1,08238;1,08243;1,08252;1,08248;1,08246;1,08263;1,08241;1,08256;1,0825;1,08258;1,08255;1,08262;1,08258;1,08247;1,08258;1,08258;1,08267;1,08243;1,08252;1,08266;1,08276;1,08292;1,083;1,08291;1,08292;1,08292;1,08295;1,08291;1,08287;1,08303;1,08313;1,08325;1,08347;1,08458; 
 1,0851;1,08518;1,08491;1,085;1,08498;1,08497;1,08508;1,08504;1,08515;1,08513;1,08514;1,08515;1,08512;1,08504;1,08467;1,08436;1,08453;1,08463;1,08486;1,08475;1,08488;1,08505;1,08525;1,08523;1,08548;1,08533;1,08519;1,08487;1,08471;1,08497;1,08477;1,08468;1,08468;1,08475;1,08447;1,08446;1,08417;1,08401;1,08395;1,08377;1,08399;1,08373;1,08384;1,08419;1,08408;1,08434;1,0843;1,08443;1,08425;1,08434;1,08435;1,08433;1,08448;1,08417;1,08399;1,08398;1,08398;1,08368;1,08405;1,08398;1,08367;1,08374;1,08404;1,08402;1,08394;1,08384;1,08391;1,08402;1,08401;1,08388;1,08366;1,08388;1,08379;1,08372;1,08367;1,08369;1,08346;1,08324;1,08301;1,08304;1,08307;1,08303;1,08297;1,08217;1,08226;1,08243;1,08238;1,08243;1,08252;1,08248;1,08246;1,08263;1,08241;1,08256;1,0825;1,08258;1,08255;1,08262;1,08258;1,08247;1,08258;1,08258;1,08267;1,08243;1,08252;1,08266;1,08276;1,08292;1,083;1,08291;1,08292;1,08292;1,08295;1,08291;1,08287;1,08303;1,08313;1,08325;1,08347;1,08348;1,08458; 
 1,08518;1,08491;1,085;1,08498;1,08497;1,08508;1,08504;1,08515;1,08513;1,08514;1,08515;1,08512;1,08504;1,08467;1,08436;1,08453;1,08463;1,08486;1,08475;1,08488;1,08505;1,08525;1,08523;1,08548;1,08533;1,08519;1,08487;1,08471;1,08497;1,08477;1,08468;1,08468;1,08475;1,08447;1,08446;1,08417;1,08401;1,08395;1,08377;1,08399;1,08373;1,08384;1,08419;1,08408;1,08434;1,0843;1,08443;1,08425;1,08434;1,08435;1,08433;1,08448;1,08417;1,08399;1,08398;1,08398;1,08368;1,08405;1,08398;1,08367;1,08374;1,08404;1,08402;1,08394;1,08384;1,08391;1,08402;1,08401;1,08388;1,08366;1,08388;1,08379;1,08372;1,08367;1,08369;1,08346;1,08324;1,08301;1,08304;1,08307;1,08303;1,08297;1,08217;1,08226;1,08243;1,08238;1,08243;1,08252;1,08248;1,08246;1,08263;1,08241;1,08256;1,0825;1,08258;1,08255;1,08262;1,08258;1,08247;1,08258;1,08258;1,08267;1,08243;1,08252;1,08266;1,08276;1,08292;1,083;1,08291;1,08292;1,08292;1,08295;1,08291;1,08287;1,08303;1,08313;1,08325;1,08347;1,08348;1,08355;1,08452; 
 1,08491;1,085;1,08498;1,08497;1,08508;1,08504;1,08515;1,08513;1,08514;1,08515;1,08512;1,08504;1,08467;1,08436;1,08453;1,08463;1,08486;1,08475;1,08488;1,08505;1,08525;1,08523;1,08548;1,08533;1,08519;1,08487;1,08471;1,08497;1,08477;1,08468;1,08468;1,08475;1,08447;1,08446;1,08417;1,08401;1,08395;1,08377;1,08399;1,08373;1,08384;1,08419;1,08408;1,08434;1,0843;1,08443;1,08425;1,08434;1,08435;1,08433;1,08448;1,08417;1,08399;1,08398;1,08398;1,08368;1,08405;1,08398;1,08367;1,08374;1,08404;1,08402;1,08394;1,08384;1,08391;1,08402;1,08401;1,08388;1,08366;1,08388;1,08379;1,08372;1,08367;1,08369;1,08346;1,08324;1,08301;1,08304;1,08307;1,08303;1,08297;1,08217;1,08226;1,08243;1,08238;1,08243;1,08252;1,08248;1,08246;1,08263;1,08241;1,08256;1,0825;1,08258;1,08255;1,08262;1,08258;1,08247;1,08258;1,08258;1,08267;1,08243;1,08252;1,08266;1,08276;1,08292;1,083;1,08291;1,08292;1,08292;1,08295;1,08291;1,08287;1,08303;1,08313;1,08325;1,08347;1,08348;1,08355;1,08362;1,08445; 
 1,085;1,08498;1,08497;1,08508;1,08504;1,08515;1,08513;1,08514;1,08515;1,08512;1,08504;1,08467;1,08436;1,08453;1,08463;1,08486;1,08475;1,08488;1,08505;1,08525;1,08523;1,08548;1,08533;1,08519;1,08487;1,08471;1,08497;1,08477;1,08468;1,08468;1,08475;1,08447;1,08446;1,08417;1,08401;1,08395;1,08377;1,08399;1,08373;1,08384;1,08419;1,08408;1,08434;1,0843;1,08443;1,08425;1,08434;1,08435;1,08433;1,08448;1,08417;1,08399;1,08398;1,08398;1,08368;1,08405;1,08398;1,08367;1,08374;1,08404;1,08402;1,08394;1,08384;1,08391;1,08402;1,08401;1,08388;1,08366;1,08388;1,08379;1,08372;1,08367;1,08369;1,08346;1,08324;1,08301;1,08304;1,08307;1,08303;1,08297;1,08217;1,08226;1,08243;1,08238;1,08243;1,08252;1,08248;1,08246;1,08263;1,08241;1,08256;1,0825;1,08258;1,08255;1,08262;1,08258;1,08247;1,08258;1,08258;1,08267;1,08243;1,08252;1,08266;1,08276;1,08292;1,083;1,08291;1,08292;1,08292;1,08295;1,08291;1,08287;1,08303;1,08313;1,08325;1,08347;1,08348;1,08355;1,08362;1,08385;1,08446; 
 1,08498;1,08497;1,08508;1,08504;1,08515;1,08513;1,08514;1,08515;1,08512;1,08504;1,08467;1,08436;1,08453;1,08463;1,08486;1,08475;1,08488;1,08505;1,08525;1,08523;1,08548;1,08533;1,08519;1,08487;1,08471;1,08497;1,08477;1,08468;1,08468;1,08475;1,08447;1,08446;1,08417;1,08401;1,08395;1,08377;1,08399;1,08373;1,08384;1,08419;1,08408;1,08434;1,0843;1,08443;1,08425;1,08434;1,08435;1,08433;1,08448;1,08417;1,08399;1,08398;1,08398;1,08368;1,08405;1,08398;1,08367;1,08374;1,08404;1,08402;1,08394;1,08384;1,08391;1,08402;1,08401;1,08388;1,08366;1,08388;1,08379;1,08372;1,08367;1,08369;1,08346;1,08324;1,08301;1,08304;1,08307;1,08303;1,08297;1,08217;1,08226;1,08243;1,08238;1,08243;1,08252;1,08248;1,08246;1,08263;1,08241;1,08256;1,0825;1,08258;1,08255;1,08262;1,08258;1,08247;1,08258;1,08258;1,08267;1,08243;1,08252;1,08266;1,08276;1,08292;1,083;1,08291;1,08292;1,08292;1,08295;1,08291;1,08287;1,08303;1,08313;1,08325;1,08347;1,08348;1,08355;1,08362;1,08385;1,08383;1,08441; 
 1,08497;1,08508;1,08504;1,08515;1,08513;1,08514;1,08515;1,08512;1,08504;1,08467;1,08436;1,08453;1,08463;1,08486;1,08475;1,08488;1,08505;1,08525;1,08523;1,08548;1,08533;1,08519;1,08487;1,08471;1,08497;1,08477;1,08468;1,08468;1,08475;1,08447;1,08446;1,08417;1,08401;1,08395;1,08377;1,08399;1,08373;1,08384;1,08419;1,08408;1,08434;1,0843;1,08443;1,08425;1,08434;1,08435;1,08433;1,08448;1,08417;1,08399;1,08398;1,08398;1,08368;1,08405;1,08398;1,08367;1,08374;1,08404;1,08402;1,08394;1,08384;1,08391;1,08402;1,08401;1,08388;1,08366;1,08388;1,08379;1,08372;1,08367;1,08369;1,08346;1,08324;1,08301;1,08304;1,08307;1,08303;1,08297;1,08217;1,08226;1,08243;1,08238;1,08243;1,08252;1,08248;1,08246;1,08263;1,08241;1,08256;1,0825;1,08258;1,08255;1,08262;1,08258;1,08247;1,08258;1,08258;1,08267;1,08243;1,08252;1,08266;1,08276;1,08292;1,083;1,08291;1,08292;1,08292;1,08295;1,08291;1,08287;1,08303;1,08313;1,08325;1,08347;1,08348;1,08355;1,08362;1,08385;1,08383;1,08387;1,0843; 
 1,08508;1,08504;1,08515;1,08513;1,08514;1,08515;1,08512;1,08504;1,08467;1,08436;1,08453;1,08463;1,08486;1,08475;1,08488;1,08505;1,08525;1,08523;1,08548;1,08533;1,08519;1,08487;1,08471;1,08497;1,08477;1,08468;1,08468;1,08475;1,08447;1,08446;1,08417;1,08401;1,08395;1,08377;1,08399;1,08373;1,08384;1,08419;1,08408;1,08434;1,0843;1,08443;1,08425;1,08434;1,08435;1,08433;1,08448;1,08417;1,08399;1,08398;1,08398;1,08368;1,08405;1,08398;1,08367;1,08374;1,08404;1,08402;1,08394;1,08384;1,08391;1,08402;1,08401;1,08388;1,08366;1,08388;1,08379;1,08372;1,08367;1,08369;1,08346;1,08324;1,08301;1,08304;1,08307;1,08303;1,08297;1,08217;1,08226;1,08243;1,08238;1,08243;1,08252;1,08248;1,08246;1,08263;1,08241;1,08256;1,0825;1,08258;1,08255;1,08262;1,08258;1,08247;1,08258;1,08258;1,08267;1,08243;1,08252;1,08266;1,08276;1,08292;1,083;1,08291;1,08292;1,08292;1,08295;1,08291;1,08287;1,08303;1,08313;1,08325;1,08347;1,08348;1,08355;1,08362;1,08385;1,08383;1,08387;1,08383;1,08432; 
 1,08504;1,08515;1,08513;1,08514;1,08515;1,08512;1,08504;1,08467;1,08436;1,08453;1,08463;1,08486;1,08475;1,08488;1,08505;1,08525;1,08523;1,08548;1,08533;1,08519;1,08487;1,08471;1,08497;1,08477;1,08468;1,08468;1,08475;1,08447;1,08446;1,08417;1,08401;1,08395;1,08377;1,08399;1,08373;1,08384;1,08419;1,08408;1,08434;1,0843;1,08443;1,08425;1,08434;1,08435;1,08433;1,08448;1,08417;1,08399;1,08398;1,08398;1,08368;1,08405;1,08398;1,08367;1,08374;1,08404;1,08402;1,08394;1,08384;1,08391;1,08402;1,08401;1,08388;1,08366;1,08388;1,08379;1,08372;1,08367;1,08369;1,08346;1,08324;1,08301;1,08304;1,08307;1,08303;1,08297;1,08217;1,08226;1,08243;1,08238;1,08243;1,08252;1,08248;1,08246;1,08263;1,08241;1,08256;1,0825;1,08258;1,08255;1,08262;1,08258;1,08247;1,08258;1,08258;1,08267;1,08243;1,08252;1,08266;1,08276;1,08292;1,083;1,08291;1,08292;1,08292;1,08295;1,08291;1,08287;1,08303;1,08313;1,08325;1,08347;1,08348;1,08355;1,08362;1,08385;1,08383;1,08387;1,08383;1,08371;1,08431; 
 1,08515;1,08513;1,08514;1,08515;1,08512;1,08504;1,08467;1,08436;1,08453;1,08463;1,08486;1,08475;1,08488;1,08505;1,08525;1,08523;1,08548;1,08533;1,08519;1,08487;1,08471;1,08497;1,08477;1,08468;1,08468;1,08475;1,08447;1,08446;1,08417;1,08401;1,08395;1,08377;1,08399;1,08373;1,08384;1,08419;1,08408;1,08434;1,0843;1,08443;1,08425;1,08434;1,08435;1,08433;1,08448;1,08417;1,08399;1,08398;1,08398;1,08368;1,08405;1,08398;1,08367;1,08374;1,08404;1,08402;1,08394;1,08384;1,08391;1,08402;1,08401;1,08388;1,08366;1,08388;1,08379;1,08372;1,08367;1,08369;1,08346;1,08324;1,08301;1,08304;1,08307;1,08303;1,08297;1,08217;1,08226;1,08243;1,08238;1,08243;1,08252;1,08248;1,08246;1,08263;1,08241;1,08256;1,0825;1,08258;1,08255;1,08262;1,08258;1,08247;1,08258;1,08258;1,08267;1,08243;1,08252;1,08266;1,08276;1,08292;1,083;1,08291;1,08292;1,08292;1,08295;1,08291;1,08287;1,08303;1,08313;1,08325;1,08347;1,08348;1,08355;1,08362;1,08385;1,08383;1,08387;1,08383;1,08371;1,08371;1,0842; 
 1,08513;1,08514;1,08515;1,08512;1,08504;1,08467;1,08436;1,08453;1,08463;1,08486;1,08475;1,08488;1,08505;1,08525;1,08523;1,08548;1,08533;1,08519;1,08487;1,08471;1,08497;1,08477;1,08468;1,08468;1,08475;1,08447;1,08446;1,08417;1,08401;1,08395;1,08377;1,08399;1,08373;1,08384;1,08419;1,08408;1,08434;1,0843;1,08443;1,08425;1,08434;1,08435;1,08433;1,08448;1,08417;1,08399;1,08398;1,08398;1,08368;1,08405;1,08398;1,08367;1,08374;1,08404;1,08402;1,08394;1,08384;1,08391;1,08402;1,08401;1,08388;1,08366;1,08388;1,08379;1,08372;1,08367;1,08369;1,08346;1,08324;1,08301;1,08304;1,08307;1,08303;1,08297;1,08217;1,08226;1,08243;1,08238;1,08243;1,08252;1,08248;1,08246;1,08263;1,08241;1,08256;1,0825;1,08258;1,08255;1,08262;1,08258;1,08247;1,08258;1,08258;1,08267;1,08243;1,08252;1,08266;1,08276;1,08292;1,083;1,08291;1,08292;1,08292;1,08295;1,08291;1,08287;1,08303;1,08313;1,08325;1,08347;1,08348;1,08355;1,08362;1,08385;1,08383;1,08387;1,08383;1,08371;1,08371;1,0835;1,0844; 
 1,08514;1,08515;1,08512;1,08504;1,08467;1,08436;1,08453;1,08463;1,08486;1,08475;1,08488;1,08505;1,08525;1,08523;1,08548;1,08533;1,08519;1,08487;1,08471;1,08497;1,08477;1,08468;1,08468;1,08475;1,08447;1,08446;1,08417;1,08401;1,08395;1,08377;1,08399;1,08373;1,08384;1,08419;1,08408;1,08434;1,0843;1,08443;1,08425;1,08434;1,08435;1,08433;1,08448;1,08417;1,08399;1,08398;1,08398;1,08368;1,08405;1,08398;1,08367;1,08374;1,08404;1,08402;1,08394;1,08384;1,08391;1,08402;1,08401;1,08388;1,08366;1,08388;1,08379;1,08372;1,08367;1,08369;1,08346;1,08324;1,08301;1,08304;1,08307;1,08303;1,08297;1,08217;1,08226;1,08243;1,08238;1,08243;1,08252;1,08248;1,08246;1,08263;1,08241;1,08256;1,0825;1,08258;1,08255;1,08262;1,08258;1,08247;1,08258;1,08258;1,08267;1,08243;1,08252;1,08266;1,08276;1,08292;1,083;1,08291;1,08292;1,08292;1,08295;1,08291;1,08287;1,08303;1,08313;1,08325;1,08347;1,08348;1,08355;1,08362;1,08385;1,08383;1,08387;1,08383;1,08371;1,08371;1,0835;1,08357;1,08451; 
 1,08515;1,08512;1,08504;1,08467;1,08436;1,08453;1,08463;1,08486;1,08475;1,08488;1,08505;1,08525;1,08523;1,08548;1,08533;1,08519;1,08487;1,08471;1,08497;1,08477;1,08468;1,08468;1,08475;1,08447;1,08446;1,08417;1,08401;1,08395;1,08377;1,08399;1,08373;1,08384;1,08419;1,08408;1,08434;1,0843;1,08443;1,08425;1,08434;1,08435;1,08433;1,08448;1,08417;1,08399;1,08398;1,08398;1,08368;1,08405;1,08398;1,08367;1,08374;1,08404;1,08402;1,08394;1,08384;1,08391;1,08402;1,08401;1,08388;1,08366;1,08388;1,08379;1,08372;1,08367;1,08369;1,08346;1,08324;1,08301;1,08304;1,08307;1,08303;1,08297;1,08217;1,08226;1,08243;1,08238;1,08243;1,08252;1,08248;1,08246;1,08263;1,08241;1,08256;1,0825;1,08258;1,08255;1,08262;1,08258;1,08247;1,08258;1,08258;1,08267;1,08243;1,08252;1,08266;1,08276;1,08292;1,083;1,08291;1,08292;1,08292;1,08295;1,08291;1,08287;1,08303;1,08313;1,08325;1,08347;1,08348;1,08355;1,08362;1,08385;1,08383;1,08387;1,08383;1,08371;1,08371;1,0835;1,08357;1,08375;1,08457; 
 1,08512;1,08504;1,08467;1,08436;1,08453;1,08463;1,08486;1,08475;1,08488;1,08505;1,08525;1,08523;1,08548;1,08533;1,08519;1,08487;1,08471;1,08497;1,08477;1,08468;1,08468;1,08475;1,08447;1,08446;1,08417;1,08401;1,08395;1,08377;1,08399;1,08373;1,08384;1,08419;1,08408;1,08434;1,0843;1,08443;1,08425;1,08434;1,08435;1,08433;1,08448;1,08417;1,08399;1,08398;1,08398;1,08368;1,08405;1,08398;1,08367;1,08374;1,08404;1,08402;1,08394;1,08384;1,08391;1,08402;1,08401;1,08388;1,08366;1,08388;1,08379;1,08372;1,08367;1,08369;1,08346;1,08324;1,08301;1,08304;1,08307;1,08303;1,08297;1,08217;1,08226;1,08243;1,08238;1,08243;1,08252;1,08248;1,08246;1,08263;1,08241;1,08256;1,0825;1,08258;1,08255;1,08262;1,08258;1,08247;1,08258;1,08258;1,08267;1,08243;1,08252;1,08266;1,08276;1,08292;1,083;1,08291;1,08292;1,08292;1,08295;1,08291;1,08287;1,08303;1,08313;1,08325;1,08347;1,08348;1,08355;1,08362;1,08385;1,08383;1,08387;1,08383;1,08371;1,08371;1,0835;1,08357;1,08375;1,08398;1,08453; 
 1,08504;1,08467;1,08436;1,08453;1,08463;1,08486;1,08475;1,08488;1,08505;1,08525;1,08523;1,08548;1,08533;1,08519;1,08487;1,08471;1,08497;1,08477;1,08468;1,08468;1,08475;1,08447;1,08446;1,08417;1,08401;1,08395;1,08377;1,08399;1,08373;1,08384;1,08419;1,08408;1,08434;1,0843;1,08443;1,08425;1,08434;1,08435;1,08433;1,08448;1,08417;1,08399;1,08398;1,08398;1,08368;1,08405;1,08398;1,08367;1,08374;1,08404;1,08402;1,08394;1,08384;1,08391;1,08402;1,08401;1,08388;1,08366;1,08388;1,08379;1,08372;1,08367;1,08369;1,08346;1,08324;1,08301;1,08304;1,08307;1,08303;1,08297;1,08217;1,08226;1,08243;1,08238;1,08243;1,08252;1,08248;1,08246;1,08263;1,08241;1,08256;1,0825;1,08258;1,08255;1,08262;1,08258;1,08247;1,08258;1,08258;1,08267;1,08243;1,08252;1,08266;1,08276;1,08292;1,083;1,08291;1,08292;1,08292;1,08295;1,08291;1,08287;1,08303;1,08313;1,08325;1,08347;1,08348;1,08355;1,08362;1,08385;1,08383;1,08387;1,08383;1,08371;1,08371;1,0835;1,08357;1,08375;1,08398;1,08433;1,08448; 
 1,08467;1,08436;1,08453;1,08463;1,08486;1,08475;1,08488;1,08505;1,08525;1,08523;1,08548;1,08533;1,08519;1,08487;1,08471;1,08497;1,08477;1,08468;1,08468;1,08475;1,08447;1,08446;1,08417;1,08401;1,08395;1,08377;1,08399;1,08373;1,08384;1,08419;1,08408;1,08434;1,0843;1,08443;1,08425;1,08434;1,08435;1,08433;1,08448;1,08417;1,08399;1,08398;1,08398;1,08368;1,08405;1,08398;1,08367;1,08374;1,08404;1,08402;1,08394;1,08384;1,08391;1,08402;1,08401;1,08388;1,08366;1,08388;1,08379;1,08372;1,08367;1,08369;1,08346;1,08324;1,08301;1,08304;1,08307;1,08303;1,08297;1,08217;1,08226;1,08243;1,08238;1,08243;1,08252;1,08248;1,08246;1,08263;1,08241;1,08256;1,0825;1,08258;1,08255;1,08262;1,08258;1,08247;1,08258;1,08258;1,08267;1,08243;1,08252;1,08266;1,08276;1,08292;1,083;1,08291;1,08292;1,08292;1,08295;1,08291;1,08287;1,08303;1,08313;1,08325;1,08347;1,08348;1,08355;1,08362;1,08385;1,08383;1,08387;1,08383;1,08371;1,08371;1,0835;1,08357;1,08375;1,08398;1,08433;1,08452;1,08436; 
 1,08436;1,08453;1,08463;1,08486;1,08475;1,08488;1,08505;1,08525;1,08523;1,08548;1,08533;1,08519;1,08487;1,08471;1,08497;1,08477;1,08468;1,08468;1,08475;1,08447;1,08446;1,08417;1,08401;1,08395;1,08377;1,08399;1,08373;1,08384;1,08419;1,08408;1,08434;1,0843;1,08443;1,08425;1,08434;1,08435;1,08433;1,08448;1,08417;1,08399;1,08398;1,08398;1,08368;1,08405;1,08398;1,08367;1,08374;1,08404;1,08402;1,08394;1,08384;1,08391;1,08402;1,08401;1,08388;1,08366;1,08388;1,08379;1,08372;1,08367;1,08369;1,08346;1,08324;1,08301;1,08304;1,08307;1,08303;1,08297;1,08217;1,08226;1,08243;1,08238;1,08243;1,08252;1,08248;1,08246;1,08263;1,08241;1,08256;1,0825;1,08258;1,08255;1,08262;1,08258;1,08247;1,08258;1,08258;1,08267;1,08243;1,08252;1,08266;1,08276;1,08292;1,083;1,08291;1,08292;1,08292;1,08295;1,08291;1,08287;1,08303;1,08313;1,08325;1,08347;1,08348;1,08355;1,08362;1,08385;1,08383;1,08387;1,08383;1,08371;1,08371;1,0835;1,08357;1,08375;1,08398;1,08433;1,08452;1,08429;1,08431; 
 1,08453;1,08463;1,08486;1,08475;1,08488;1,08505;1,08525;1,08523;1,08548;1,08533;1,08519;1,08487;1,08471;1,08497;1,08477;1,08468;1,08468;1,08475;1,08447;1,08446;1,08417;1,08401;1,08395;1,08377;1,08399;1,08373;1,08384;1,08419;1,08408;1,08434;1,0843;1,08443;1,08425;1,08434;1,08435;1,08433;1,08448;1,08417;1,08399;1,08398;1,08398;1,08368;1,08405;1,08398;1,08367;1,08374;1,08404;1,08402;1,08394;1,08384;1,08391;1,08402;1,08401;1,08388;1,08366;1,08388;1,08379;1,08372;1,08367;1,08369;1,08346;1,08324;1,08301;1,08304;1,08307;1,08303;1,08297;1,08217;1,08226;1,08243;1,08238;1,08243;1,08252;1,08248;1,08246;1,08263;1,08241;1,08256;1,0825;1,08258;1,08255;1,08262;1,08258;1,08247;1,08258;1,08258;1,08267;1,08243;1,08252;1,08266;1,08276;1,08292;1,083;1,08291;1,08292;1,08292;1,08295;1,08291;1,08287;1,08303;1,08313;1,08325;1,08347;1,08348;1,08355;1,08362;1,08385;1,08383;1,08387;1,08383;1,08371;1,08371;1,0835;1,08357;1,08375;1,08398;1,08433;1,08452;1,08429;1,08427;1,08426; 
 1,08463;1,08486;1,08475;1,08488;1,08505;1,08525;1,08523;1,08548;1,08533;1,08519;1,08487;1,08471;1,08497;1,08477;1,08468;1,08468;1,08475;1,08447;1,08446;1,08417;1,08401;1,08395;1,08377;1,08399;1,08373;1,08384;1,08419;1,08408;1,08434;1,0843;1,08443;1,08425;1,08434;1,08435;1,08433;1,08448;1,08417;1,08399;1,08398;1,08398;1,08368;1,08405;1,08398;1,08367;1,08374;1,08404;1,08402;1,08394;1,08384;1,08391;1,08402;1,08401;1,08388;1,08366;1,08388;1,08379;1,08372;1,08367;1,08369;1,08346;1,08324;1,08301;1,08304;1,08307;1,08303;1,08297;1,08217;1,08226;1,08243;1,08238;1,08243;1,08252;1,08248;1,08246;1,08263;1,08241;1,08256;1,0825;1,08258;1,08255;1,08262;1,08258;1,08247;1,08258;1,08258;1,08267;1,08243;1,08252;1,08266;1,08276;1,08292;1,083;1,08291;1,08292;1,08292;1,08295;1,08291;1,08287;1,08303;1,08313;1,08325;1,08347;1,08348;1,08355;1,08362;1,08385;1,08383;1,08387;1,08383;1,08371;1,08371;1,0835;1,08357;1,08375;1,08398;1,08433;1,08452;1,08429;1,08427;1,08425;1,08418; 
 1,08486;1,08475;1,08488;1,08505;1,08525;1,08523;1,08548;1,08533;1,08519;1,08487;1,08471;1,08497;1,08477;1,08468;1,08468;1,08475;1,08447;1,08446;1,08417;1,08401;1,08395;1,08377;1,08399;1,08373;1,08384;1,08419;1,08408;1,08434;1,0843;1,08443;1,08425;1,08434;1,08435;1,08433;1,08448;1,08417;1,08399;1,08398;1,08398;1,08368;1,08405;1,08398;1,08367;1,08374;1,08404;1,08402;1,08394;1,08384;1,08391;1,08402;1,08401;1,08388;1,08366;1,08388;1,08379;1,08372;1,08367;1,08369;1,08346;1,08324;1,08301;1,08304;1,08307;1,08303;1,08297;1,08217;1,08226;1,08243;1,08238;1,08243;1,08252;1,08248;1,08246;1,08263;1,08241;1,08256;1,0825;1,08258;1,08255;1,08262;1,08258;1,08247;1,08258;1,08258;1,08267;1,08243;1,08252;1,08266;1,08276;1,08292;1,083;1,08291;1,08292;1,08292;1,08295;1,08291;1,08287;1,08303;1,08313;1,08325;1,08347;1,08348;1,08355;1,08362;1,08385;1,08383;1,08387;1,08383;1,08371;1,08371;1,0835;1,08357;1,08375;1,08398;1,08433;1,08452;1,08429;1,08427;1,08425;1,0843;1,0844; 
 1,08475;1,08488;1,08505;1,08525;1,08523;1,08548;1,08533;1,08519;1,08487;1,08471;1,08497;1,08477;1,08468;1,08468;1,08475;1,08447;1,08446;1,08417;1,08401;1,08395;1,08377;1,08399;1,08373;1,08384;1,08419;1,08408;1,08434;1,0843;1,08443;1,08425;1,08434;1,08435;1,08433;1,08448;1,08417;1,08399;1,08398;1,08398;1,08368;1,08405;1,08398;1,08367;1,08374;1,08404;1,08402;1,08394;1,08384;1,08391;1,08402;1,08401;1,08388;1,08366;1,08388;1,08379;1,08372;1,08367;1,08369;1,08346;1,08324;1,08301;1,08304;1,08307;1,08303;1,08297;1,08217;1,08226;1,08243;1,08238;1,08243;1,08252;1,08248;1,08246;1,08263;1,08241;1,08256;1,0825;1,08258;1,08255;1,08262;1,08258;1,08247;1,08258;1,08258;1,08267;1,08243;1,08252;1,08266;1,08276;1,08292;1,083;1,08291;1,08292;1,08292;1,08295;1,08291;1,08287;1,08303;1,08313;1,08325;1,08347;1,08348;1,08355;1,08362;1,08385;1,08383;1,08387;1,08383;1,08371;1,08371;1,0835;1,08357;1,08375;1,08398;1,08433;1,08452;1,08429;1,08427;1,08425;1,0843;1,08438;1,08446; 
 1,08488;1,08505;1,08525;1,08523;1,08548;1,08533;1,08519;1,08487;1,08471;1,08497;1,08477;1,08468;1,08468;1,08475;1,08447;1,08446;1,08417;1,08401;1,08395;1,08377;1,08399;1,08373;1,08384;1,08419;1,08408;1,08434;1,0843;1,08443;1,08425;1,08434;1,08435;1,08433;1,08448;1,08417;1,08399;1,08398;1,08398;1,08368;1,08405;1,08398;1,08367;1,08374;1,08404;1,08402;1,08394;1,08384;1,08391;1,08402;1,08401;1,08388;1,08366;1,08388;1,08379;1,08372;1,08367;1,08369;1,08346;1,08324;1,08301;1,08304;1,08307;1,08303;1,08297;1,08217;1,08226;1,08243;1,08238;1,08243;1,08252;1,08248;1,08246;1,08263;1,08241;1,08256;1,0825;1,08258;1,08255;1,08262;1,08258;1,08247;1,08258;1,08258;1,08267;1,08243;1,08252;1,08266;1,08276;1,08292;1,083;1,08291;1,08292;1,08292;1,08295;1,08291;1,08287;1,08303;1,08313;1,08325;1,08347;1,08348;1,08355;1,08362;1,08385;1,08383;1,08387;1,08383;1,08371;1,08371;1,0835;1,08357;1,08375;1,08398;1,08433;1,08452;1,08429;1,08427;1,08425;1,0843;1,08438;1,08438;1,08443; 
 1,08505;1,08525;1,08523;1,08548;1,08533;1,08519;1,08487;1,08471;1,08497;1,08477;1,08468;1,08468;1,08475;1,08447;1,08446;1,08417;1,08401;1,08395;1,08377;1,08399;1,08373;1,08384;1,08419;1,08408;1,08434;1,0843;1,08443;1,08425;1,08434;1,08435;1,08433;1,08448;1,08417;1,08399;1,08398;1,08398;1,08368;1,08405;1,08398;1,08367;1,08374;1,08404;1,08402;1,08394;1,08384;1,08391;1,08402;1,08401;1,08388;1,08366;1,08388;1,08379;1,08372;1,08367;1,08369;1,08346;1,08324;1,08301;1,08304;1,08307;1,08303;1,08297;1,08217;1,08226;1,08243;1,08238;1,08243;1,08252;1,08248;1,08246;1,08263;1,08241;1,08256;1,0825;1,08258;1,08255;1,08262;1,08258;1,08247;1,08258;1,08258;1,08267;1,08243;1,08252;1,08266;1,08276;1,08292;1,083;1,08291;1,08292;1,08292;1,08295;1,08291;1,08287;1,08303;1,08313;1,08325;1,08347;1,08348;1,08355;1,08362;1,08385;1,08383;1,08387;1,08383;1,08371;1,08371;1,0835;1,08357;1,08375;1,08398;1,08433;1,08452;1,08429;1,08427;1,08425;1,0843;1,08438;1,08438;1,08424;1,0844; 
 1,08525;1,08523;1,08548;1,08533;1,08519;1,08487;1,08471;1,08497;1,08477;1,08468;1,08468;1,08475;1,08447;1,08446;1,08417;1,08401;1,08395;1,08377;1,08399;1,08373;1,08384;1,08419;1,08408;1,08434;1,0843;1,08443;1,08425;1,08434;1,08435;1,08433;1,08448;1,08417;1,08399;1,08398;1,08398;1,08368;1,08405;1,08398;1,08367;1,08374;1,08404;1,08402;1,08394;1,08384;1,08391;1,08402;1,08401;1,08388;1,08366;1,08388;1,08379;1,08372;1,08367;1,08369;1,08346;1,08324;1,08301;1,08304;1,08307;1,08303;1,08297;1,08217;1,08226;1,08243;1,08238;1,08243;1,08252;1,08248;1,08246;1,08263;1,08241;1,08256;1,0825;1,08258;1,08255;1,08262;1,08258;1,08247;1,08258;1,08258;1,08267;1,08243;1,08252;1,08266;1,08276;1,08292;1,083;1,08291;1,08292;1,08292;1,08295;1,08291;1,08287;1,08303;1,08313;1,08325;1,08347;1,08348;1,08355;1,08362;1,08385;1,08383;1,08387;1,08383;1,08371;1,08371;1,0835;1,08357;1,08375;1,08398;1,08433;1,08452;1,08429;1,08427;1,08425;1,0843;1,08438;1,08438;1,08424;1,08423;1,08443; 
 1,08523;1,08548;1,08533;1,08519;1,08487;1,08471;1,08497;1,08477;1,08468;1,08468;1,08475;1,08447;1,08446;1,08417;1,08401;1,08395;1,08377;1,08399;1,08373;1,08384;1,08419;1,08408;1,08434;1,0843;1,08443;1,08425;1,08434;1,08435;1,08433;1,08448;1,08417;1,08399;1,08398;1,08398;1,08368;1,08405;1,08398;1,08367;1,08374;1,08404;1,08402;1,08394;1,08384;1,08391;1,08402;1,08401;1,08388;1,08366;1,08388;1,08379;1,08372;1,08367;1,08369;1,08346;1,08324;1,08301;1,08304;1,08307;1,08303;1,08297;1,08217;1,08226;1,08243;1,08238;1,08243;1,08252;1,08248;1,08246;1,08263;1,08241;1,08256;1,0825;1,08258;1,08255;1,08262;1,08258;1,08247;1,08258;1,08258;1,08267;1,08243;1,08252;1,08266;1,08276;1,08292;1,083;1,08291;1,08292;1,08292;1,08295;1,08291;1,08287;1,08303;1,08313;1,08325;1,08347;1,08348;1,08355;1,08362;1,08385;1,08383;1,08387;1,08383;1,08371;1,08371;1,0835;1,08357;1,08375;1,08398;1,08433;1,08452;1,08429;1,08427;1,08425;1,0843;1,08438;1,08438;1,08424;1,08423;1,08423;1,08454; 
 1,08548;1,08533;1,08519;1,08487;1,08471;1,08497;1,08477;1,08468;1,08468;1,08475;1,08447;1,08446;1,08417;1,08401;1,08395;1,08377;1,08399;1,08373;1,08384;1,08419;1,08408;1,08434;1,0843;1,08443;1,08425;1,08434;1,08435;1,08433;1,08448;1,08417;1,08399;1,08398;1,08398;1,08368;1,08405;1,08398;1,08367;1,08374;1,08404;1,08402;1,08394;1,08384;1,08391;1,08402;1,08401;1,08388;1,08366;1,08388;1,08379;1,08372;1,08367;1,08369;1,08346;1,08324;1,08301;1,08304;1,08307;1,08303;1,08297;1,08217;1,08226;1,08243;1,08238;1,08243;1,08252;1,08248;1,08246;1,08263;1,08241;1,08256;1,0825;1,08258;1,08255;1,08262;1,08258;1,08247;1,08258;1,08258;1,08267;1,08243;1,08252;1,08266;1,08276;1,08292;1,083;1,08291;1,08292;1,08292;1,08295;1,08291;1,08287;1,08303;1,08313;1,08325;1,08347;1,08348;1,08355;1,08362;1,08385;1,08383;1,08387;1,08383;1,08371;1,08371;1,0835;1,08357;1,08375;1,08398;1,08433;1,08452;1,08429;1,08427;1,08425;1,0843;1,08438;1,08438;1,08424;1,08423;1,08423;1,08438;1,08467; 
 1,08533;1,08519;1,08487;1,08471;1,08497;1,08477;1,08468;1,08468;1,08475;1,08447;1,08446;1,08417;1,08401;1,08395;1,08377;1,08399;1,08373;1,08384;1,08419;1,08408;1,08434;1,0843;1,08443;1,08425;1,08434;1,08435;1,08433;1,08448;1,08417;1,08399;1,08398;1,08398;1,08368;1,08405;1,08398;1,08367;1,08374;1,08404;1,08402;1,08394;1,08384;1,08391;1,08402;1,08401;1,08388;1,08366;1,08388;1,08379;1,08372;1,08367;1,08369;1,08346;1,08324;1,08301;1,08304;1,08307;1,08303;1,08297;1,08217;1,08226;1,08243;1,08238;1,08243;1,08252;1,08248;1,08246;1,08263;1,08241;1,08256;1,0825;1,08258;1,08255;1,08262;1,08258;1,08247;1,08258;1,08258;1,08267;1,08243;1,08252;1,08266;1,08276;1,08292;1,083;1,08291;1,08292;1,08292;1,08295;1,08291;1,08287;1,08303;1,08313;1,08325;1,08347;1,08348;1,08355;1,08362;1,08385;1,08383;1,08387;1,08383;1,08371;1,08371;1,0835;1,08357;1,08375;1,08398;1,08433;1,08452;1,08429;1,08427;1,08425;1,0843;1,08438;1,08438;1,08424;1,08423;1,08423;1,08438;1,08426;1,08463; 
 1,08519;1,08487;1,08471;1,08497;1,08477;1,08468;1,08468;1,08475;1,08447;1,08446;1,08417;1,08401;1,08395;1,08377;1,08399;1,08373;1,08384;1,08419;1,08408;1,08434;1,0843;1,08443;1,08425;1,08434;1,08435;1,08433;1,08448;1,08417;1,08399;1,08398;1,08398;1,08368;1,08405;1,08398;1,08367;1,08374;1,08404;1,08402;1,08394;1,08384;1,08391;1,08402;1,08401;1,08388;1,08366;1,08388;1,08379;1,08372;1,08367;1,08369;1,08346;1,08324;1,08301;1,08304;1,08307;1,08303;1,08297;1,08217;1,08226;1,08243;1,08238;1,08243;1,08252;1,08248;1,08246;1,08263;1,08241;1,08256;1,0825;1,08258;1,08255;1,08262;1,08258;1,08247;1,08258;1,08258;1,08267;1,08243;1,08252;1,08266;1,08276;1,08292;1,083;1,08291;1,08292;1,08292;1,08295;1,08291;1,08287;1,08303;1,08313;1,08325;1,08347;1,08348;1,08355;1,08362;1,08385;1,08383;1,08387;1,08383;1,08371;1,08371;1,0835;1,08357;1,08375;1,08398;1,08433;1,08452;1,08429;1,08427;1,08425;1,0843;1,08438;1,08438;1,08424;1,08423;1,08423;1,08438;1,08426;1,08423;1,08463; 
 1,08487;1,08471;1,08497;1,08477;1,08468;1,08468;1,08475;1,08447;1,08446;1,08417;1,08401;1,08395;1,08377;1,08399;1,08373;1,08384;1,08419;1,08408;1,08434;1,0843;1,08443;1,08425;1,08434;1,08435;1,08433;1,08448;1,08417;1,08399;1,08398;1,08398;1,08368;1,08405;1,08398;1,08367;1,08374;1,08404;1,08402;1,08394;1,08384;1,08391;1,08402;1,08401;1,08388;1,08366;1,08388;1,08379;1,08372;1,08367;1,08369;1,08346;1,08324;1,08301;1,08304;1,08307;1,08303;1,08297;1,08217;1,08226;1,08243;1,08238;1,08243;1,08252;1,08248;1,08246;1,08263;1,08241;1,08256;1,0825;1,08258;1,08255;1,08262;1,08258;1,08247;1,08258;1,08258;1,08267;1,08243;1,08252;1,08266;1,08276;1,08292;1,083;1,08291;1,08292;1,08292;1,08295;1,08291;1,08287;1,08303;1,08313;1,08325;1,08347;1,08348;1,08355;1,08362;1,08385;1,08383;1,08387;1,08383;1,08371;1,08371;1,0835;1,08357;1,08375;1,08398;1,08433;1,08452;1,08429;1,08427;1,08425;1,0843;1,08438;1,08438;1,08424;1,08423;1,08423;1,08438;1,08426;1,08423;1,08421;1,08463; 
 1,08471;1,08497;1,08477;1,08468;1,08468;1,08475;1,08447;1,08446;1,08417;1,08401;1,08395;1,08377;1,08399;1,08373;1,08384;1,08419;1,08408;1,08434;1,0843;1,08443;1,08425;1,08434;1,08435;1,08433;1,08448;1,08417;1,08399;1,08398;1,08398;1,08368;1,08405;1,08398;1,08367;1,08374;1,08404;1,08402;1,08394;1,08384;1,08391;1,08402;1,08401;1,08388;1,08366;1,08388;1,08379;1,08372;1,08367;1,08369;1,08346;1,08324;1,08301;1,08304;1,08307;1,08303;1,08297;1,08217;1,08226;1,08243;1,08238;1,08243;1,08252;1,08248;1,08246;1,08263;1,08241;1,08256;1,0825;1,08258;1,08255;1,08262;1,08258;1,08247;1,08258;1,08258;1,08267;1,08243;1,08252;1,08266;1,08276;1,08292;1,083;1,08291;1,08292;1,08292;1,08295;1,08291;1,08287;1,08303;1,08313;1,08325;1,08347;1,08348;1,08355;1,08362;1,08385;1,08383;1,08387;1,08383;1,08371;1,08371;1,0835;1,08357;1,08375;1,08398;1,08433;1,08452;1,08429;1,08427;1,08425;1,0843;1,08438;1,08438;1,08424;1,08423;1,08423;1,08438;1,08426;1,08423;1,08421;1,08416;1,08467; 
 1,08497;1,08477;1,08468;1,08468;1,08475;1,08447;1,08446;1,08417;1,08401;1,08395;1,08377;1,08399;1,08373;1,08384;1,08419;1,08408;1,08434;1,0843;1,08443;1,08425;1,08434;1,08435;1,08433;1,08448;1,08417;1,08399;1,08398;1,08398;1,08368;1,08405;1,08398;1,08367;1,08374;1,08404;1,08402;1,08394;1,08384;1,08391;1,08402;1,08401;1,08388;1,08366;1,08388;1,08379;1,08372;1,08367;1,08369;1,08346;1,08324;1,08301;1,08304;1,08307;1,08303;1,08297;1,08217;1,08226;1,08243;1,08238;1,08243;1,08252;1,08248;1,08246;1,08263;1,08241;1,08256;1,0825;1,08258;1,08255;1,08262;1,08258;1,08247;1,08258;1,08258;1,08267;1,08243;1,08252;1,08266;1,08276;1,08292;1,083;1,08291;1,08292;1,08292;1,08295;1,08291;1,08287;1,08303;1,08313;1,08325;1,08347;1,08348;1,08355;1,08362;1,08385;1,08383;1,08387;1,08383;1,08371;1,08371;1,0835;1,08357;1,08375;1,08398;1,08433;1,08452;1,08429;1,08427;1,08425;1,0843;1,08438;1,08438;1,08424;1,08423;1,08423;1,08438;1,08426;1,08423;1,08421;1,08416;1,08438;1,08465; 
 1,08477;1,08468;1,08468;1,08475;1,08447;1,08446;1,08417;1,08401;1,08395;1,08377;1,08399;1,08373;1,08384;1,08419;1,08408;1,08434;1,0843;1,08443;1,08425;1,08434;1,08435;1,08433;1,08448;1,08417;1,08399;1,08398;1,08398;1,08368;1,08405;1,08398;1,08367;1,08374;1,08404;1,08402;1,08394;1,08384;1,08391;1,08402;1,08401;1,08388;1,08366;1,08388;1,08379;1,08372;1,08367;1,08369;1,08346;1,08324;1,08301;1,08304;1,08307;1,08303;1,08297;1,08217;1,08226;1,08243;1,08238;1,08243;1,08252;1,08248;1,08246;1,08263;1,08241;1,08256;1,0825;1,08258;1,08255;1,08262;1,08258;1,08247;1,08258;1,08258;1,08267;1,08243;1,08252;1,08266;1,08276;1,08292;1,083;1,08291;1,08292;1,08292;1,08295;1,08291;1,08287;1,08303;1,08313;1,08325;1,08347;1,08348;1,08355;1,08362;1,08385;1,08383;1,08387;1,08383;1,08371;1,08371;1,0835;1,08357;1,08375;1,08398;1,08433;1,08452;1,08429;1,08427;1,08425;1,0843;1,08438;1,08438;1,08424;1,08423;1,08423;1,08438;1,08426;1,08423;1,08421;1,08416;1,08438;1,08452;1,08462; 
 1,08468;1,08468;1,08475;1,08447;1,08446;1,08417;1,08401;1,08395;1,08377;1,08399;1,08373;1,08384;1,08419;1,08408;1,08434;1,0843;1,08443;1,08425;1,08434;1,08435;1,08433;1,08448;1,08417;1,08399;1,08398;1,08398;1,08368;1,08405;1,08398;1,08367;1,08374;1,08404;1,08402;1,08394;1,08384;1,08391;1,08402;1,08401;1,08388;1,08366;1,08388;1,08379;1,08372;1,08367;1,08369;1,08346;1,08324;1,08301;1,08304;1,08307;1,08303;1,08297;1,08217;1,08226;1,08243;1,08238;1,08243;1,08252;1,08248;1,08246;1,08263;1,08241;1,08256;1,0825;1,08258;1,08255;1,08262;1,08258;1,08247;1,08258;1,08258;1,08267;1,08243;1,08252;1,08266;1,08276;1,08292;1,083;1,08291;1,08292;1,08292;1,08295;1,08291;1,08287;1,08303;1,08313;1,08325;1,08347;1,08348;1,08355;1,08362;1,08385;1,08383;1,08387;1,08383;1,08371;1,08371;1,0835;1,08357;1,08375;1,08398;1,08433;1,08452;1,08429;1,08427;1,08425;1,0843;1,08438;1,08438;1,08424;1,08423;1,08423;1,08438;1,08426;1,08423;1,08421;1,08416;1,08438;1,08452;1,08473;1,08463; 
 1,08468;1,08475;1,08447;1,08446;1,08417;1,08401;1,08395;1,08377;1,08399;1,08373;1,08384;1,08419;1,08408;1,08434;1,0843;1,08443;1,08425;1,08434;1,08435;1,08433;1,08448;1,08417;1,08399;1,08398;1,08398;1,08368;1,08405;1,08398;1,08367;1,08374;1,08404;1,08402;1,08394;1,08384;1,08391;1,08402;1,08401;1,08388;1,08366;1,08388;1,08379;1,08372;1,08367;1,08369;1,08346;1,08324;1,08301;1,08304;1,08307;1,08303;1,08297;1,08217;1,08226;1,08243;1,08238;1,08243;1,08252;1,08248;1,08246;1,08263;1,08241;1,08256;1,0825;1,08258;1,08255;1,08262;1,08258;1,08247;1,08258;1,08258;1,08267;1,08243;1,08252;1,08266;1,08276;1,08292;1,083;1,08291;1,08292;1,08292;1,08295;1,08291;1,08287;1,08303;1,08313;1,08325;1,08347;1,08348;1,08355;1,08362;1,08385;1,08383;1,08387;1,08383;1,08371;1,08371;1,0835;1,08357;1,08375;1,08398;1,08433;1,08452;1,08429;1,08427;1,08425;1,0843;1,08438;1,08438;1,08424;1,08423;1,08423;1,08438;1,08426;1,08423;1,08421;1,08416;1,08438;1,08452;1,08473;1,08486;1,08466; 
 1,08475;1,08447;1,08446;1,08417;1,08401;1,08395;1,08377;1,08399;1,08373;1,08384;1,08419;1,08408;1,08434;1,0843;1,08443;1,08425;1,08434;1,08435;1,08433;1,08448;1,08417;1,08399;1,08398;1,08398;1,08368;1,08405;1,08398;1,08367;1,08374;1,08404;1,08402;1,08394;1,08384;1,08391;1,08402;1,08401;1,08388;1,08366;1,08388;1,08379;1,08372;1,08367;1,08369;1,08346;1,08324;1,08301;1,08304;1,08307;1,08303;1,08297;1,08217;1,08226;1,08243;1,08238;1,08243;1,08252;1,08248;1,08246;1,08263;1,08241;1,08256;1,0825;1,08258;1,08255;1,08262;1,08258;1,08247;1,08258;1,08258;1,08267;1,08243;1,08252;1,08266;1,08276;1,08292;1,083;1,08291;1,08292;1,08292;1,08295;1,08291;1,08287;1,08303;1,08313;1,08325;1,08347;1,08348;1,08355;1,08362;1,08385;1,08383;1,08387;1,08383;1,08371;1,08371;1,0835;1,08357;1,08375;1,08398;1,08433;1,08452;1,08429;1,08427;1,08425;1,0843;1,08438;1,08438;1,08424;1,08423;1,08423;1,08438;1,08426;1,08423;1,08421;1,08416;1,08438;1,08452;1,08473;1,08486;1,08488;1,08458; 
 1,08447;1,08446;1,08417;1,08401;1,08395;1,08377;1,08399;1,08373;1,08384;1,08419;1,08408;1,08434;1,0843;1,08443;1,08425;1,08434;1,08435;1,08433;1,08448;1,08417;1,08399;1,08398;1,08398;1,08368;1,08405;1,08398;1,08367;1,08374;1,08404;1,08402;1,08394;1,08384;1,08391;1,08402;1,08401;1,08388;1,08366;1,08388;1,08379;1,08372;1,08367;1,08369;1,08346;1,08324;1,08301;1,08304;1,08307;1,08303;1,08297;1,08217;1,08226;1,08243;1,08238;1,08243;1,08252;1,08248;1,08246;1,08263;1,08241;1,08256;1,0825;1,08258;1,08255;1,08262;1,08258;1,08247;1,08258;1,08258;1,08267;1,08243;1,08252;1,08266;1,08276;1,08292;1,083;1,08291;1,08292;1,08292;1,08295;1,08291;1,08287;1,08303;1,08313;1,08325;1,08347;1,08348;1,08355;1,08362;1,08385;1,08383;1,08387;1,08383;1,08371;1,08371;1,0835;1,08357;1,08375;1,08398;1,08433;1,08452;1,08429;1,08427;1,08425;1,0843;1,08438;1,08438;1,08424;1,08423;1,08423;1,08438;1,08426;1,08423;1,08421;1,08416;1,08438;1,08452;1,08473;1,08486;1,08488;1,08487;1,08452; 
 1,08446;1,08417;1,08401;1,08395;1,08377;1,08399;1,08373;1,08384;1,08419;1,08408;1,08434;1,0843;1,08443;1,08425;1,08434;1,08435;1,08433;1,08448;1,08417;1,08399;1,08398;1,08398;1,08368;1,08405;1,08398;1,08367;1,08374;1,08404;1,08402;1,08394;1,08384;1,08391;1,08402;1,08401;1,08388;1,08366;1,08388;1,08379;1,08372;1,08367;1,08369;1,08346;1,08324;1,08301;1,08304;1,08307;1,08303;1,08297;1,08217;1,08226;1,08243;1,08238;1,08243;1,08252;1,08248;1,08246;1,08263;1,08241;1,08256;1,0825;1,08258;1,08255;1,08262;1,08258;1,08247;1,08258;1,08258;1,08267;1,08243;1,08252;1,08266;1,08276;1,08292;1,083;1,08291;1,08292;1,08292;1,08295;1,08291;1,08287;1,08303;1,08313;1,08325;1,08347;1,08348;1,08355;1,08362;1,08385;1,08383;1,08387;1,08383;1,08371;1,08371;1,0835;1,08357;1,08375;1,08398;1,08433;1,08452;1,08429;1,08427;1,08425;1,0843;1,08438;1,08438;1,08424;1,08423;1,08423;1,08438;1,08426;1,08423;1,08421;1,08416;1,08438;1,08452;1,08473;1,08486;1,08488;1,08487;1,08499;1,08446; 
 1,08417;1,08401;1,08395;1,08377;1,08399;1,08373;1,08384;1,08419;1,08408;1,08434;1,0843;1,08443;1,08425;1,08434;1,08435;1,08433;1,08448;1,08417;1,08399;1,08398;1,08398;1,08368;1,08405;1,08398;1,08367;1,08374;1,08404;1,08402;1,08394;1,08384;1,08391;1,08402;1,08401;1,08388;1,08366;1,08388;1,08379;1,08372;1,08367;1,08369;1,08346;1,08324;1,08301;1,08304;1,08307;1,08303;1,08297;1,08217;1,08226;1,08243;1,08238;1,08243;1,08252;1,08248;1,08246;1,08263;1,08241;1,08256;1,0825;1,08258;1,08255;1,08262;1,08258;1,08247;1,08258;1,08258;1,08267;1,08243;1,08252;1,08266;1,08276;1,08292;1,083;1,08291;1,08292;1,08292;1,08295;1,08291;1,08287;1,08303;1,08313;1,08325;1,08347;1,08348;1,08355;1,08362;1,08385;1,08383;1,08387;1,08383;1,08371;1,08371;1,0835;1,08357;1,08375;1,08398;1,08433;1,08452;1,08429;1,08427;1,08425;1,0843;1,08438;1,08438;1,08424;1,08423;1,08423;1,08438;1,08426;1,08423;1,08421;1,08416;1,08438;1,08452;1,08473;1,08486;1,08488;1,08487;1,08499;1,08467;1,08467; 
 1,08401;1,08395;1,08377;1,08399;1,08373;1,08384;1,08419;1,08408;1,08434;1,0843;1,08443;1,08425;1,08434;1,08435;1,08433;1,08448;1,08417;1,08399;1,08398;1,08398;1,08368;1,08405;1,08398;1,08367;1,08374;1,08404;1,08402;1,08394;1,08384;1,08391;1,08402;1,08401;1,08388;1,08366;1,08388;1,08379;1,08372;1,08367;1,08369;1,08346;1,08324;1,08301;1,08304;1,08307;1,08303;1,08297;1,08217;1,08226;1,08243;1,08238;1,08243;1,08252;1,08248;1,08246;1,08263;1,08241;1,08256;1,0825;1,08258;1,08255;1,08262;1,08258;1,08247;1,08258;1,08258;1,08267;1,08243;1,08252;1,08266;1,08276;1,08292;1,083;1,08291;1,08292;1,08292;1,08295;1,08291;1,08287;1,08303;1,08313;1,08325;1,08347;1,08348;1,08355;1,08362;1,08385;1,08383;1,08387;1,08383;1,08371;1,08371;1,0835;1,08357;1,08375;1,08398;1,08433;1,08452;1,08429;1,08427;1,08425;1,0843;1,08438;1,08438;1,08424;1,08423;1,08423;1,08438;1,08426;1,08423;1,08421;1,08416;1,08438;1,08452;1,08473;1,08486;1,08488;1,08487;1,08499;1,08467;1,08465;1,08477; 
 1,08395;1,08377;1,08399;1,08373;1,08384;1,08419;1,08408;1,08434;1,0843;1,08443;1,08425;1,08434;1,08435;1,08433;1,08448;1,08417;1,08399;1,08398;1,08398;1,08368;1,08405;1,08398;1,08367;1,08374;1,08404;1,08402;1,08394;1,08384;1,08391;1,08402;1,08401;1,08388;1,08366;1,08388;1,08379;1,08372;1,08367;1,08369;1,08346;1,08324;1,08301;1,08304;1,08307;1,08303;1,08297;1,08217;1,08226;1,08243;1,08238;1,08243;1,08252;1,08248;1,08246;1,08263;1,08241;1,08256;1,0825;1,08258;1,08255;1,08262;1,08258;1,08247;1,08258;1,08258;1,08267;1,08243;1,08252;1,08266;1,08276;1,08292;1,083;1,08291;1,08292;1,08292;1,08295;1,08291;1,08287;1,08303;1,08313;1,08325;1,08347;1,08348;1,08355;1,08362;1,08385;1,08383;1,08387;1,08383;1,08371;1,08371;1,0835;1,08357;1,08375;1,08398;1,08433;1,08452;1,08429;1,08427;1,08425;1,0843;1,08438;1,08438;1,08424;1,08423;1,08423;1,08438;1,08426;1,08423;1,08421;1,08416;1,08438;1,08452;1,08473;1,08486;1,08488;1,08487;1,08499;1,08467;1,08465;1,08455;1,08477; 
 1,08377;1,08399;1,08373;1,08384;1,08419;1,08408;1,08434;1,0843;1,08443;1,08425;1,08434;1,08435;1,08433;1,08448;1,08417;1,08399;1,08398;1,08398;1,08368;1,08405;1,08398;1,08367;1,08374;1,08404;1,08402;1,08394;1,08384;1,08391;1,08402;1,08401;1,08388;1,08366;1,08388;1,08379;1,08372;1,08367;1,08369;1,08346;1,08324;1,08301;1,08304;1,08307;1,08303;1,08297;1,08217;1,08226;1,08243;1,08238;1,08243;1,08252;1,08248;1,08246;1,08263;1,08241;1,08256;1,0825;1,08258;1,08255;1,08262;1,08258;1,08247;1,08258;1,08258;1,08267;1,08243;1,08252;1,08266;1,08276;1,08292;1,083;1,08291;1,08292;1,08292;1,08295;1,08291;1,08287;1,08303;1,08313;1,08325;1,08347;1,08348;1,08355;1,08362;1,08385;1,08383;1,08387;1,08383;1,08371;1,08371;1,0835;1,08357;1,08375;1,08398;1,08433;1,08452;1,08429;1,08427;1,08425;1,0843;1,08438;1,08438;1,08424;1,08423;1,08423;1,08438;1,08426;1,08423;1,08421;1,08416;1,08438;1,08452;1,08473;1,08486;1,08488;1,08487;1,08499;1,08467;1,08465;1,08455;1,0846;1,08471; 
 1,08399;1,08373;1,08384;1,08419;1,08408;1,08434;1,0843;1,08443;1,08425;1,08434;1,08435;1,08433;1,08448;1,08417;1,08399;1,08398;1,08398;1,08368;1,08405;1,08398;1,08367;1,08374;1,08404;1,08402;1,08394;1,08384;1,08391;1,08402;1,08401;1,08388;1,08366;1,08388;1,08379;1,08372;1,08367;1,08369;1,08346;1,08324;1,08301;1,08304;1,08307;1,08303;1,08297;1,08217;1,08226;1,08243;1,08238;1,08243;1,08252;1,08248;1,08246;1,08263;1,08241;1,08256;1,0825;1,08258;1,08255;1,08262;1,08258;1,08247;1,08258;1,08258;1,08267;1,08243;1,08252;1,08266;1,08276;1,08292;1,083;1,08291;1,08292;1,08292;1,08295;1,08291;1,08287;1,08303;1,08313;1,08325;1,08347;1,08348;1,08355;1,08362;1,08385;1,08383;1,08387;1,08383;1,08371;1,08371;1,0835;1,08357;1,08375;1,08398;1,08433;1,08452;1,08429;1,08427;1,08425;1,0843;1,08438;1,08438;1,08424;1,08423;1,08423;1,08438;1,08426;1,08423;1,08421;1,08416;1,08438;1,08452;1,08473;1,08486;1,08488;1,08487;1,08499;1,08467;1,08465;1,08455;1,0846;1,08462;1,08491; 
 1,08373;1,08384;1,08419;1,08408;1,08434;1,0843;1,08443;1,08425;1,08434;1,08435;1,08433;1,08448;1,08417;1,08399;1,08398;1,08398;1,08368;1,08405;1,08398;1,08367;1,08374;1,08404;1,08402;1,08394;1,08384;1,08391;1,08402;1,08401;1,08388;1,08366;1,08388;1,08379;1,08372;1,08367;1,08369;1,08346;1,08324;1,08301;1,08304;1,08307;1,08303;1,08297;1,08217;1,08226;1,08243;1,08238;1,08243;1,08252;1,08248;1,08246;1,08263;1,08241;1,08256;1,0825;1,08258;1,08255;1,08262;1,08258;1,08247;1,08258;1,08258;1,08267;1,08243;1,08252;1,08266;1,08276;1,08292;1,083;1,08291;1,08292;1,08292;1,08295;1,08291;1,08287;1,08303;1,08313;1,08325;1,08347;1,08348;1,08355;1,08362;1,08385;1,08383;1,08387;1,08383;1,08371;1,08371;1,0835;1,08357;1,08375;1,08398;1,08433;1,08452;1,08429;1,08427;1,08425;1,0843;1,08438;1,08438;1,08424;1,08423;1,08423;1,08438;1,08426;1,08423;1,08421;1,08416;1,08438;1,08452;1,08473;1,08486;1,08488;1,08487;1,08499;1,08467;1,08465;1,08455;1,0846;1,08462;1,08461;1,08512; 
 1,08384;1,08419;1,08408;1,08434;1,0843;1,08443;1,08425;1,08434;1,08435;1,08433;1,08448;1,08417;1,08399;1,08398;1,08398;1,08368;1,08405;1,08398;1,08367;1,08374;1,08404;1,08402;1,08394;1,08384;1,08391;1,08402;1,08401;1,08388;1,08366;1,08388;1,08379;1,08372;1,08367;1,08369;1,08346;1,08324;1,08301;1,08304;1,08307;1,08303;1,08297;1,08217;1,08226;1,08243;1,08238;1,08243;1,08252;1,08248;1,08246;1,08263;1,08241;1,08256;1,0825;1,08258;1,08255;1,08262;1,08258;1,08247;1,08258;1,08258;1,08267;1,08243;1,08252;1,08266;1,08276;1,08292;1,083;1,08291;1,08292;1,08292;1,08295;1,08291;1,08287;1,08303;1,08313;1,08325;1,08347;1,08348;1,08355;1,08362;1,08385;1,08383;1,08387;1,08383;1,08371;1,08371;1,0835;1,08357;1,08375;1,08398;1,08433;1,08452;1,08429;1,08427;1,08425;1,0843;1,08438;1,08438;1,08424;1,08423;1,08423;1,08438;1,08426;1,08423;1,08421;1,08416;1,08438;1,08452;1,08473;1,08486;1,08488;1,08487;1,08499;1,08467;1,08465;1,08455;1,0846;1,08462;1,08461;1,0846;1,08542; 
 1,08419;1,08408;1,08434;1,0843;1,08443;1,08425;1,08434;1,08435;1,08433;1,08448;1,08417;1,08399;1,08398;1,08398;1,08368;1,08405;1,08398;1,08367;1,08374;1,08404;1,08402;1,08394;1,08384;1,08391;1,08402;1,08401;1,08388;1,08366;1,08388;1,08379;1,08372;1,08367;1,08369;1,08346;1,08324;1,08301;1,08304;1,08307;1,08303;1,08297;1,08217;1,08226;1,08243;1,08238;1,08243;1,08252;1,08248;1,08246;1,08263;1,08241;1,08256;1,0825;1,08258;1,08255;1,08262;1,08258;1,08247;1,08258;1,08258;1,08267;1,08243;1,08252;1,08266;1,08276;1,08292;1,083;1,08291;1,08292;1,08292;1,08295;1,08291;1,08287;1,08303;1,08313;1,08325;1,08347;1,08348;1,08355;1,08362;1,08385;1,08383;1,08387;1,08383;1,08371;1,08371;1,0835;1,08357;1,08375;1,08398;1,08433;1,08452;1,08429;1,08427;1,08425;1,0843;1,08438;1,08438;1,08424;1,08423;1,08423;1,08438;1,08426;1,08423;1,08421;1,08416;1,08438;1,08452;1,08473;1,08486;1,08488;1,08487;1,08499;1,08467;1,08465;1,08455;1,0846;1,08462;1,08461;1,0846;1,08451;1,08535; 
 1,08408;1,08434;1,0843;1,08443;1,08425;1,08434;1,08435;1,08433;1,08448;1,08417;1,08399;1,08398;1,08398;1,08368;1,08405;1,08398;1,08367;1,08374;1,08404;1,08402;1,08394;1,08384;1,08391;1,08402;1,08401;1,08388;1,08366;1,08388;1,08379;1,08372;1,08367;1,08369;1,08346;1,08324;1,08301;1,08304;1,08307;1,08303;1,08297;1,08217;1,08226;1,08243;1,08238;1,08243;1,08252;1,08248;1,08246;1,08263;1,08241;1,08256;1,0825;1,08258;1,08255;1,08262;1,08258;1,08247;1,08258;1,08258;1,08267;1,08243;1,08252;1,08266;1,08276;1,08292;1,083;1,08291;1,08292;1,08292;1,08295;1,08291;1,08287;1,08303;1,08313;1,08325;1,08347;1,08348;1,08355;1,08362;1,08385;1,08383;1,08387;1,08383;1,08371;1,08371;1,0835;1,08357;1,08375;1,08398;1,08433;1,08452;1,08429;1,08427;1,08425;1,0843;1,08438;1,08438;1,08424;1,08423;1,08423;1,08438;1,08426;1,08423;1,08421;1,08416;1,08438;1,08452;1,08473;1,08486;1,08488;1,08487;1,08499;1,08467;1,08465;1,08455;1,0846;1,08462;1,08461;1,0846;1,08451;1,08451;1,08556; 
 1,08434;1,0843;1,08443;1,08425;1,08434;1,08435;1,08433;1,08448;1,08417;1,08399;1,08398;1,08398;1,08368;1,08405;1,08398;1,08367;1,08374;1,08404;1,08402;1,08394;1,08384;1,08391;1,08402;1,08401;1,08388;1,08366;1,08388;1,08379;1,08372;1,08367;1,08369;1,08346;1,08324;1,08301;1,08304;1,08307;1,08303;1,08297;1,08217;1,08226;1,08243;1,08238;1,08243;1,08252;1,08248;1,08246;1,08263;1,08241;1,08256;1,0825;1,08258;1,08255;1,08262;1,08258;1,08247;1,08258;1,08258;1,08267;1,08243;1,08252;1,08266;1,08276;1,08292;1,083;1,08291;1,08292;1,08292;1,08295;1,08291;1,08287;1,08303;1,08313;1,08325;1,08347;1,08348;1,08355;1,08362;1,08385;1,08383;1,08387;1,08383;1,08371;1,08371;1,0835;1,08357;1,08375;1,08398;1,08433;1,08452;1,08429;1,08427;1,08425;1,0843;1,08438;1,08438;1,08424;1,08423;1,08423;1,08438;1,08426;1,08423;1,08421;1,08416;1,08438;1,08452;1,08473;1,08486;1,08488;1,08487;1,08499;1,08467;1,08465;1,08455;1,0846;1,08462;1,08461;1,0846;1,08451;1,08451;1,0844;1,08528; 
 1,0843;1,08443;1,08425;1,08434;1,08435;1,08433;1,08448;1,08417;1,08399;1,08398;1,08398;1,08368;1,08405;1,08398;1,08367;1,08374;1,08404;1,08402;1,08394;1,08384;1,08391;1,08402;1,08401;1,08388;1,08366;1,08388;1,08379;1,08372;1,08367;1,08369;1,08346;1,08324;1,08301;1,08304;1,08307;1,08303;1,08297;1,08217;1,08226;1,08243;1,08238;1,08243;1,08252;1,08248;1,08246;1,08263;1,08241;1,08256;1,0825;1,08258;1,08255;1,08262;1,08258;1,08247;1,08258;1,08258;1,08267;1,08243;1,08252;1,08266;1,08276;1,08292;1,083;1,08291;1,08292;1,08292;1,08295;1,08291;1,08287;1,08303;1,08313;1,08325;1,08347;1,08348;1,08355;1,08362;1,08385;1,08383;1,08387;1,08383;1,08371;1,08371;1,0835;1,08357;1,08375;1,08398;1,08433;1,08452;1,08429;1,08427;1,08425;1,0843;1,08438;1,08438;1,08424;1,08423;1,08423;1,08438;1,08426;1,08423;1,08421;1,08416;1,08438;1,08452;1,08473;1,08486;1,08488;1,08487;1,08499;1,08467;1,08465;1,08455;1,0846;1,08462;1,08461;1,0846;1,08451;1,08451;1,0844;1,08449;1,08553; 
 1,08443;1,08425;1,08434;1,08435;1,08433;1,08448;1,08417;1,08399;1,08398;1,08398;1,08368;1,08405;1,08398;1,08367;1,08374;1,08404;1,08402;1,08394;1,08384;1,08391;1,08402;1,08401;1,08388;1,08366;1,08388;1,08379;1,08372;1,08367;1,08369;1,08346;1,08324;1,08301;1,08304;1,08307;1,08303;1,08297;1,08217;1,08226;1,08243;1,08238;1,08243;1,08252;1,08248;1,08246;1,08263;1,08241;1,08256;1,0825;1,08258;1,08255;1,08262;1,08258;1,08247;1,08258;1,08258;1,08267;1,08243;1,08252;1,08266;1,08276;1,08292;1,083;1,08291;1,08292;1,08292;1,08295;1,08291;1,08287;1,08303;1,08313;1,08325;1,08347;1,08348;1,08355;1,08362;1,08385;1,08383;1,08387;1,08383;1,08371;1,08371;1,0835;1,08357;1,08375;1,08398;1,08433;1,08452;1,08429;1,08427;1,08425;1,0843;1,08438;1,08438;1,08424;1,08423;1,08423;1,08438;1,08426;1,08423;1,08421;1,08416;1,08438;1,08452;1,08473;1,08486;1,08488;1,08487;1,08499;1,08467;1,08465;1,08455;1,0846;1,08462;1,08461;1,0846;1,08451;1,08451;1,0844;1,08449;1,08444;1,08565; 
 1,08425;1,08434;1,08435;1,08433;1,08448;1,08417;1,08399;1,08398;1,08398;1,08368;1,08405;1,08398;1,08367;1,08374;1,08404;1,08402;1,08394;1,08384;1,08391;1,08402;1,08401;1,08388;1,08366;1,08388;1,08379;1,08372;1,08367;1,08369;1,08346;1,08324;1,08301;1,08304;1,08307;1,08303;1,08297;1,08217;1,08226;1,08243;1,08238;1,08243;1,08252;1,08248;1,08246;1,08263;1,08241;1,08256;1,0825;1,08258;1,08255;1,08262;1,08258;1,08247;1,08258;1,08258;1,08267;1,08243;1,08252;1,08266;1,08276;1,08292;1,083;1,08291;1,08292;1,08292;1,08295;1,08291;1,08287;1,08303;1,08313;1,08325;1,08347;1,08348;1,08355;1,08362;1,08385;1,08383;1,08387;1,08383;1,08371;1,08371;1,0835;1,08357;1,08375;1,08398;1,08433;1,08452;1,08429;1,08427;1,08425;1,0843;1,08438;1,08438;1,08424;1,08423;1,08423;1,08438;1,08426;1,08423;1,08421;1,08416;1,08438;1,08452;1,08473;1,08486;1,08488;1,08487;1,08499;1,08467;1,08465;1,08455;1,0846;1,08462;1,08461;1,0846;1,08451;1,08451;1,0844;1,08449;1,08444;1,08441;1,08552; 
 1,08434;1,08435;1,08433;1,08448;1,08417;1,08399;1,08398;1,08398;1,08368;1,08405;1,08398;1,08367;1,08374;1,08404;1,08402;1,08394;1,08384;1,08391;1,08402;1,08401;1,08388;1,08366;1,08388;1,08379;1,08372;1,08367;1,08369;1,08346;1,08324;1,08301;1,08304;1,08307;1,08303;1,08297;1,08217;1,08226;1,08243;1,08238;1,08243;1,08252;1,08248;1,08246;1,08263;1,08241;1,08256;1,0825;1,08258;1,08255;1,08262;1,08258;1,08247;1,08258;1,08258;1,08267;1,08243;1,08252;1,08266;1,08276;1,08292;1,083;1,08291;1,08292;1,08292;1,08295;1,08291;1,08287;1,08303;1,08313;1,08325;1,08347;1,08348;1,08355;1,08362;1,08385;1,08383;1,08387;1,08383;1,08371;1,08371;1,0835;1,08357;1,08375;1,08398;1,08433;1,08452;1,08429;1,08427;1,08425;1,0843;1,08438;1,08438;1,08424;1,08423;1,08423;1,08438;1,08426;1,08423;1,08421;1,08416;1,08438;1,08452;1,08473;1,08486;1,08488;1,08487;1,08499;1,08467;1,08465;1,08455;1,0846;1,08462;1,08461;1,0846;1,08451;1,08451;1,0844;1,08449;1,08444;1,08441;1,08442;1,08549; 
 1,08435;1,08433;1,08448;1,08417;1,08399;1,08398;1,08398;1,08368;1,08405;1,08398;1,08367;1,08374;1,08404;1,08402;1,08394;1,08384;1,08391;1,08402;1,08401;1,08388;1,08366;1,08388;1,08379;1,08372;1,08367;1,08369;1,08346;1,08324;1,08301;1,08304;1,08307;1,08303;1,08297;1,08217;1,08226;1,08243;1,08238;1,08243;1,08252;1,08248;1,08246;1,08263;1,08241;1,08256;1,0825;1,08258;1,08255;1,08262;1,08258;1,08247;1,08258;1,08258;1,08267;1,08243;1,08252;1,08266;1,08276;1,08292;1,083;1,08291;1,08292;1,08292;1,08295;1,08291;1,08287;1,08303;1,08313;1,08325;1,08347;1,08348;1,08355;1,08362;1,08385;1,08383;1,08387;1,08383;1,08371;1,08371;1,0835;1,08357;1,08375;1,08398;1,08433;1,08452;1,08429;1,08427;1,08425;1,0843;1,08438;1,08438;1,08424;1,08423;1,08423;1,08438;1,08426;1,08423;1,08421;1,08416;1,08438;1,08452;1,08473;1,08486;1,08488;1,08487;1,08499;1,08467;1,08465;1,08455;1,0846;1,08462;1,08461;1,0846;1,08451;1,08451;1,0844;1,08449;1,08444;1,08441;1,08442;1,08455;1,08595; 
 1,08433;1,08448;1,08417;1,08399;1,08398;1,08398;1,08368;1,08405;1,08398;1,08367;1,08374;1,08404;1,08402;1,08394;1,08384;1,08391;1,08402;1,08401;1,08388;1,08366;1,08388;1,08379;1,08372;1,08367;1,08369;1,08346;1,08324;1,08301;1,08304;1,08307;1,08303;1,08297;1,08217;1,08226;1,08243;1,08238;1,08243;1,08252;1,08248;1,08246;1,08263;1,08241;1,08256;1,0825;1,08258;1,08255;1,08262;1,08258;1,08247;1,08258;1,08258;1,08267;1,08243;1,08252;1,08266;1,08276;1,08292;1,083;1,08291;1,08292;1,08292;1,08295;1,08291;1,08287;1,08303;1,08313;1,08325;1,08347;1,08348;1,08355;1,08362;1,08385;1,08383;1,08387;1,08383;1,08371;1,08371;1,0835;1,08357;1,08375;1,08398;1,08433;1,08452;1,08429;1,08427;1,08425;1,0843;1,08438;1,08438;1,08424;1,08423;1,08423;1,08438;1,08426;1,08423;1,08421;1,08416;1,08438;1,08452;1,08473;1,08486;1,08488;1,08487;1,08499;1,08467;1,08465;1,08455;1,0846;1,08462;1,08461;1,0846;1,08451;1,08451;1,0844;1,08449;1,08444;1,08441;1,08442;1,08455;1,08452;1,08584; 
 1,08448;1,08417;1,08399;1,08398;1,08398;1,08368;1,08405;1,08398;1,08367;1,08374;1,08404;1,08402;1,08394;1,08384;1,08391;1,08402;1,08401;1,08388;1,08366;1,08388;1,08379;1,08372;1,08367;1,08369;1,08346;1,08324;1,08301;1,08304;1,08307;1,08303;1,08297;1,08217;1,08226;1,08243;1,08238;1,08243;1,08252;1,08248;1,08246;1,08263;1,08241;1,08256;1,0825;1,08258;1,08255;1,08262;1,08258;1,08247;1,08258;1,08258;1,08267;1,08243;1,08252;1,08266;1,08276;1,08292;1,083;1,08291;1,08292;1,08292;1,08295;1,08291;1,08287;1,08303;1,08313;1,08325;1,08347;1,08348;1,08355;1,08362;1,08385;1,08383;1,08387;1,08383;1,08371;1,08371;1,0835;1,08357;1,08375;1,08398;1,08433;1,08452;1,08429;1,08427;1,08425;1,0843;1,08438;1,08438;1,08424;1,08423;1,08423;1,08438;1,08426;1,08423;1,08421;1,08416;1,08438;1,08452;1,08473;1,08486;1,08488;1,08487;1,08499;1,08467;1,08465;1,08455;1,0846;1,08462;1,08461;1,0846;1,08451;1,08451;1,0844;1,08449;1,08444;1,08441;1,08442;1,08455;1,08452;1,08448;1,08566; 
 1,08417;1,08399;1,08398;1,08398;1,08368;1,08405;1,08398;1,08367;1,08374;1,08404;1,08402;1,08394;1,08384;1,08391;1,08402;1,08401;1,08388;1,08366;1,08388;1,08379;1,08372;1,08367;1,08369;1,08346;1,08324;1,08301;1,08304;1,08307;1,08303;1,08297;1,08217;1,08226;1,08243;1,08238;